USE [db_a7efae_dbcair]
GO
/****** Object:  Table [dbo].[USUARIOS]    Script Date: 28/03/2023 04:00:57 p. m. ******/
SET ANSI_NULLS ON
GO
SET QUOTED_IDENTIFIER ON
GO
CREATE TABLE [dbo].[USUARIOS](
	[ID_USUARIO] [int] IDENTITY(1,1) NOT NULL,
	[NOMBRE_EMPLEADO] [varchar](100) NOT NULL,
	[USERNAME] [varchar](100) NOT NULL,
	[USEREMAIL] [varchar](50) NOT NULL,
	[PERFIL] [int] NULL,
	[KEY_DRIVE] [varchar](max) NULL,
	[PASS] [varchar](30) NOT NULL,
PRIMARY KEY CLUSTERED 
(
	[ID_USUARIO] ASC
)WITH (PAD_INDEX = OFF, STATISTICS_NORECOMPUTE = OFF, IGNORE_DUP_KEY = OFF, ALLOW_ROW_LOCKS = ON, ALLOW_PAGE_LOCKS = ON, OPTIMIZE_FOR_SEQUENTIAL_KEY = OFF) ON [PRIMARY]
) ON [PRIMARY] TEXTIMAGE_ON [PRIMARY]
GO
/****** Object:  Table [dbo].[COBRO_CLIENTES]    Script Date: 28/03/2023 04:00:57 p. m. ******/
SET ANSI_NULLS ON
GO
SET QUOTED_IDENTIFIER ON
GO
CREATE TABLE [dbo].[COBRO_CLIENTES](
	[DOCNUM] [int] IDENTITY(1,1) NOT NULL,
	[CLIENTE] [varchar](100) NULL,
	[SUBTOTAL] [money] NULL,
	[IVA] [money] NULL,
	[RETENCION] [money] NULL,
	[MONTO_TOTAL] [money] NULL,
	[TIPO_MONEDA] [varchar](50) NULL,
	[BANCO_EMISOR] [varchar](100) NULL,
	[NUM_CTA] [varchar](100) NULL,
	[DTE_REGISTRO] [datetime] NULL,
	[DTE_PAGO] [date] NULL,
	[PAGADO] [int] NULL,
	[URL_DOCUMENTO] [varchar](max) NULL,
	[VERIFICADOR] [int] NULL,
	[CANCELADO] [int] NULL,
	[CONCEPTO_A_PAGAR] [varchar](500) NULL,
	[BK_CLIE] [varchar](150) NULL,
	[BK_USR] [varchar](50) NULL,
 CONSTRAINT [PK__COBRO_CL__C27FD8DB38949135] PRIMARY KEY CLUSTERED 
(
	[DOCNUM] ASC
)WITH (PAD_INDEX = OFF, STATISTICS_NORECOMPUTE = OFF, IGNORE_DUP_KEY = OFF, ALLOW_ROW_LOCKS = ON, ALLOW_PAGE_LOCKS = ON, OPTIMIZE_FOR_SEQUENTIAL_KEY = OFF) ON [PRIMARY]
) ON [PRIMARY] TEXTIMAGE_ON [PRIMARY]
GO
/****** Object:  Table [dbo].[CAT_CLIENTES]    Script Date: 28/03/2023 04:00:57 p. m. ******/
SET ANSI_NULLS ON
GO
SET QUOTED_IDENTIFIER ON
GO
CREATE TABLE [dbo].[CAT_CLIENTES](
	[CardCode] [varchar](100) NOT NULL,
	[CardName] [varchar](200) NOT NULL,
	[NameContact] [varchar](200) NOT NULL,
	[Tel] [varchar](13) NOT NULL,
	[Tel2] [varchar](13) NULL,
	[Tel3] [varchar](13) NULL,
	[Tel4] [varchar](13) NULL,
	[Email] [varchar](35) NOT NULL,
	[Email2] [varchar](35) NULL,
	[Email3] [varchar](35) NULL,
	[Email4] [varchar](35) NULL,
	[DirAddressPatios] [varchar](1000) NOT NULL,
	[Num_Cta] [varchar](100) NULL,
	[DirAddressPatios2] [varchar](1000) NULL,
	[DirAddressPatios3] [varchar](1000) NULL,
	[BancoPreferencia] [varchar](50) NULL,
 CONSTRAINT [PK_CL] PRIMARY KEY CLUSTERED 
(
	[CardCode] ASC
)WITH (PAD_INDEX = OFF, STATISTICS_NORECOMPUTE = OFF, IGNORE_DUP_KEY = OFF, ALLOW_ROW_LOCKS = ON, ALLOW_PAGE_LOCKS = ON, OPTIMIZE_FOR_SEQUENTIAL_KEY = OFF) ON [PRIMARY]
) ON [PRIMARY]
GO
/****** Object:  View [dbo].[VI_INFO_COBRO_CLIENTES]    Script Date: 28/03/2023 04:00:57 p. m. ******/
SET ANSI_NULLS ON
GO
SET QUOTED_IDENTIFIER ON
GO



CREATE VIEW [dbo].[VI_INFO_COBRO_CLIENTES]
AS
SELECT DOCNUM NumDoc, ISNULL(T2.CardName,(SELECT CardName FROM CAT_CLIENTES WHERE CardCode=BK_CLIE )) CLIENTE, T1.TIPO_MONEDA TipoMoneda
,CONVERT(varchar,FORMAT(SUBTOTAL,'C','mx-MX')) subTotal, CONVERT(varchar,FORMAT(IVA,'C','mx-MX')) Iva, CONVERT(varchar,FORMAT(RETENCION,'C','mx-MX')) Retencion, 
CONVERT(varchar,FORMAT(MONTO_TOTAL,'C','mx-MX')) MontoTotal, BANCO_EMISOR BANCO, T1.NUM_CTA NumeroCta
,ISNULL(CONVERT(VARCHAR,DTE_PAGO,103),CONVERT(VARCHAR,GETDATE(),103)) FechaPago, ISNULL(NOMBRE_EMPLEADO,(SELECT CARDNAME FROM USUARIOS WHERE ID_USUARIO=BK_USR )) Verificador, CONVERT(VARCHAR,T1.DTE_REGISTRO,103) FechaRegistro
,ISNULL(T1.CONCEPTO_A_PAGAR,'Sin concepto') ConceptoAPagar
FROM COBRO_CLIENTES T1 LEFT JOIN CAT_CLIENTES T2 ON CLIENTE=CardCode /*OR CLIENTE=BK_CLIE*/ left JOIN USUARIOS T3 ON VERIFICADOR=T3.ID_USUARIO /*OR VERIFICADOR=BK_USR*/

--SELECT FC_NUM_FACT_CAIR NumDoc, ISNULL(T2.CardName,(SELECT CardName FROM CAT_CLIENTES WHERE CardCode=FC_BK_CLIE )) CLIENTE 
--FROM FACTURAS_CLIENTES T1 LEFT JOIN CAT_CLIENTES T2 ON FC_IDCLIE=CardCode

--UNION ALL
--SELECT DOCNUM NumDoc, T2.CardName CLIENTE, T1.TIPO_MONEDA TipoMoneda
--,CONVERT(varchar,FORMAT(SUBTOTAL,'C','mx-MX')) subTotal, CONVERT(varchar,FORMAT(IVA,'C','mx-MX')) Iva, CONVERT(varchar,FORMAT(RETENCION,'C','mx-MX')) Retencion, 
--CONVERT(varchar,FORMAT(MONTO_TOTAL,'C','mx-MX')) MontoTotal, BANCO_EMISOR BANCO, T1.NUM_CTA NumeroCta
--,ISNULL(CONVERT(VARCHAR,DTE_PAGO,103),CONVERT(VARCHAR,GETDATE(),103)) FechaPago, NOMBRE_EMPLEADO Verificador, CONVERT(VARCHAR,T1.DTE_REGISTRO,103) FechaRegistro
--,ISNULL(T1.CONCEPTO_A_PAGAR,'Sin concepto') ConceptoAPagar
--FROM COBRO_CLIENTES T1 JOIN CAT_CLIENTES T2 ON  CLIENTE=BK_CLIE JOIN USUARIOS T3 ON  VERIFICADOR=BK_USR

GO
/****** Object:  Table [dbo].[PAGO_PROVEEDORES]    Script Date: 28/03/2023 04:00:58 p. m. ******/
SET ANSI_NULLS ON
GO
SET QUOTED_IDENTIFIER ON
GO
CREATE TABLE [dbo].[PAGO_PROVEEDORES](
	[DOCNUM] [int] IDENTITY(1,1) NOT NULL,
	[PROVEEDOR] [varchar](100) NULL,
	[DTE_REGISTRO] [date] NULL,
	[DTE_PAGO] [date] NULL,
	[ESTADO_CTA] [float] NULL,
	[DEPOSITO_CTA] [float] NULL,
	[CONCEPTO_A_PAGAR] [varchar](500) NULL,
	[TIPO_MONEDA] [varchar](100) NULL,
	[IMPORTE] [float] NOT NULL,
	[IVA] [float] NOT NULL,
	[RETENCION] [float] NOT NULL,
	[TOTAL] [float] NOT NULL,
	[BANCO_RECEPTOR] [varchar](100) NULL,
	[NUM_CTA] [varchar](100) NULL,
	[PAGADO] [int] NULL,
	[URL_DOCUMENTO] [varchar](max) NULL,
	[VERIFICADOR] [int] NULL,
	[TARIFA] [int] NULL,
	[CANCELADO] [int] NULL,
	[BK_PROV] [varchar](100) NULL,
	[BK_USR] [varchar](100) NULL,
 CONSTRAINT [PK__PAGO_PRO__C27FD8DB5C54F0BB] PRIMARY KEY CLUSTERED 
(
	[DOCNUM] ASC
)WITH (PAD_INDEX = OFF, STATISTICS_NORECOMPUTE = OFF, IGNORE_DUP_KEY = OFF, ALLOW_ROW_LOCKS = ON, ALLOW_PAGE_LOCKS = ON, OPTIMIZE_FOR_SEQUENTIAL_KEY = OFF) ON [PRIMARY]
) ON [PRIMARY] TEXTIMAGE_ON [PRIMARY]
GO
/****** Object:  Table [dbo].[CAT_PROVEEDORES]    Script Date: 28/03/2023 04:00:58 p. m. ******/
SET ANSI_NULLS ON
GO
SET QUOTED_IDENTIFIER ON
GO
CREATE TABLE [dbo].[CAT_PROVEEDORES](
	[CardCode] [varchar](100) NOT NULL,
	[CardName] [varchar](200) NOT NULL,
	[NameContact] [varchar](200) NOT NULL,
	[Tel] [varchar](13) NOT NULL,
	[Tel2] [varchar](13) NULL,
	[Tel3] [varchar](13) NULL,
	[Tel4] [varchar](13) NULL,
	[Email] [varchar](35) NOT NULL,
	[Email2] [varchar](35) NULL,
	[Email3] [varchar](35) NULL,
	[Email4] [varchar](35) NULL,
	[DirAddressPatios] [varchar](1000) NOT NULL,
	[Num_Cta] [varchar](100) NOT NULL,
	[BancoPreferencia] [varchar](100) NULL,
	[DirAddressPatios2] [varchar](1000) NULL,
	[DirAddressPatios3] [varchar](1000) NULL,
 CONSTRAINT [PK_PV] PRIMARY KEY CLUSTERED 
(
	[CardCode] ASC
)WITH (PAD_INDEX = OFF, STATISTICS_NORECOMPUTE = OFF, IGNORE_DUP_KEY = OFF, ALLOW_ROW_LOCKS = ON, ALLOW_PAGE_LOCKS = ON, OPTIMIZE_FOR_SEQUENTIAL_KEY = OFF) ON [PRIMARY]
) ON [PRIMARY]
GO
/****** Object:  View [dbo].[VI_INFO_PAGO_PROV]    Script Date: 28/03/2023 04:00:58 p. m. ******/
SET ANSI_NULLS ON
GO
SET QUOTED_IDENTIFIER ON
GO


CREATE VIEW [dbo].[VI_INFO_PAGO_PROV]
AS
-----
SELECT DOCNUM NumDoc, ISNULL(T2.CardName,(SELECT CardName FROM CAT_CLIENTES WHERE CardCode=BK_PROV )) CLIENTE, T1.TIPO_MONEDA TipoMoneda
,CONVERT(varchar,FORMAT(IMPORTE,'C','mx-MX')) subTotal, CONVERT(varchar,FORMAT(IVA,'C','mx-MX')) Iva, CONVERT(varchar,FORMAT(RETENCION,'C','mx-MX')) Retencion, 
CONVERT(varchar,FORMAT(TOTAL,'C','mx-MX')) MontoTotal, BANCO_RECEPTOR BANCO, T1.NUM_CTA NumeroCta
,ISNULL(CONVERT(VARCHAR,DTE_PAGO,103),CONVERT(VARCHAR,GETDATE(),103)) FechaPago, ISNULL(NOMBRE_EMPLEADO,(SELECT CARDNAME FROM USUARIOS WHERE ID_USUARIO=BK_USR )) Verificador, CONVERT(VARCHAR,T1.DTE_REGISTRO,103) FechaRegistro
,ISNULL(T1.CONCEPTO_A_PAGAR,'Sin concepto') ConceptoAPagar
----
FROM PAGO_PROVEEDORES T1 LEFT JOIN CAT_PROVEEDORES T2 ON T1.PROVEEDOR=CardCode /*OR PROVEEDOR=BK_PROV*/ LEFT JOIN USUARIOS T3 ON VERIFICADOR=T3.ID_USUARIO /*OR VERIFICADOR=BK_USR*/
GO
/****** Object:  Table [dbo].[FACTURAS_PROVEEDORES]    Script Date: 28/03/2023 04:00:58 p. m. ******/
SET ANSI_NULLS ON
GO
SET QUOTED_IDENTIFIER ON
GO
CREATE TABLE [dbo].[FACTURAS_PROVEEDORES](
	[FP_ID_REGISTRO] [varchar](100) NOT NULL,
	[FP_FECHA_CREACION] [datetime] NULL,
	[FP_FECHA_INICIO] [date] NOT NULL,
	[FP_FECHA_VENCIMIENTO] [date] NOT NULL,
	[FP_NUMERO_CAJA] [int] NOT NULL,
	[FP_PEDIMENTO] [int] NOT NULL,
	[FP_NUM_FACT_PROV] [int] NULL,
	[FP_NUM_FACT_CAIR] [int] NOT NULL,
	[FP_IDPROV] [varchar](100) NOT NULL,
	[FP_TIPO_MONEDA] [varchar](100) NOT NULL,
	[FP_SUBTOTAL] [float] NULL,
	[FP_IVA] [float] NULL,
	[FP_CARGO_EXTRA] [float] NULL,
	[FP_RETENCION] [float] NULL,
	[FP_COSTO_TOTAL] [float] NOT NULL,
	[FP_REFERENCIA] [varchar](100) NOT NULL,
	[FP_FORMA_PAGO] [varchar](100) NOT NULL,
	[FP_ESTATUS] [varchar](10) NOT NULL,
	[FP_FECHA_PAGO] [date] NULL,
 CONSTRAINT [PK_FPIDR] PRIMARY KEY CLUSTERED 
(
	[FP_ID_REGISTRO] ASC
)WITH (PAD_INDEX = OFF, STATISTICS_NORECOMPUTE = OFF, IGNORE_DUP_KEY = OFF, ALLOW_ROW_LOCKS = ON, ALLOW_PAGE_LOCKS = ON, OPTIMIZE_FOR_SEQUENTIAL_KEY = OFF) ON [PRIMARY]
) ON [PRIMARY]
GO
/****** Object:  View [dbo].[VI_INFO_FACTURA_PROVEEDORES]    Script Date: 28/03/2023 04:00:59 p. m. ******/
SET ANSI_NULLS ON
GO
SET QUOTED_IDENTIFIER ON
GO







CREATE VIEW [dbo].[VI_INFO_FACTURA_PROVEEDORES]
AS
SELECT FP_NUM_FACT_CAIR NumDoc, ISNULL(T2.CardName,'Proveedor eliminado') Proveedor 
,T1.FP_TIPO_MONEDA TipoMoneda
,CONVERT(varchar,FORMAT(FP_SUBTOTAL,'C','mx-MX')) subTotal, CONVERT(varchar,FORMAT(FP_IVA,'C','mx-MX')) Iva, CONVERT(varchar,FORMAT(FP_RETENCION,'C','mx-MX')) Retencion
,CONVERT(varchar,FORMAT(FP_COSTO_TOTAL,'C','mx-MX')) MontoTotal
,ISNULL(FP_FORMA_PAGO,'NO PAGADO') FormaPago
,CONVERT(VARCHAR,T1.FP_FECHA_CREACION,103) FechaRegistro
,ISNULL(CONVERT(VARCHAR,FP_FECHA_INICIO,103),'FECHA NO REGISTRADA') FechaInicio
,ISNULL(CONVERT(VARCHAR,FP_FECHA_VENCIMIENTO,103),'FECHA NO REGISTRADA') FechaFinal
,CASE WHEN FP_ESTATUS='NO' THEN 'NO PAGADO' WHEN FP_ESTATUS='C' THEN 'CANCELADO' WHEN FP_ESTATUS='V' THEN 'VENCIDA' ELSE CONVERT(VARCHAR,FP_FECHA_PAGO,103) END FechaPago
,CASE WHEN FP_ESTATUS='NO' THEN 'NO PAGADO' WHEN FP_ESTATUS='SI' THEN 'PAGADO' WHEN FP_ESTATUS='C' THEN 'CANCELADO' WHEN FP_ESTATUS='V' THEN 'VENCIDA' ELSE 'DESCONOCIDO' END Estatus
FROM FACTURAS_PROVEEDORES T1 LEFT JOIN CAT_PROVEEDORES T2 ON FP_IDPROV=CardCode or FP_IDPROV=CardName

GO
/****** Object:  Table [dbo].[FACTURAS_CLIENTES]    Script Date: 28/03/2023 04:00:59 p. m. ******/
SET ANSI_NULLS ON
GO
SET QUOTED_IDENTIFIER ON
GO
CREATE TABLE [dbo].[FACTURAS_CLIENTES](
	[FC_ID_REGISTRO] [varchar](100) NOT NULL,
	[FC_FECHA_CREACION] [datetime] NULL,
	[FC_FECHA_INICIO] [date] NOT NULL,
	[FC_FECHA_VENCIMIENTO] [date] NOT NULL,
	[FC_NUM_FACT_CAIR] [int] NOT NULL,
	[FC_IDCLIE] [varchar](100) NOT NULL,
	[FC_TIPO_MONEDA] [varchar](100) NOT NULL,
	[FC_SUBTOTAL] [float] NULL,
	[FC_IVA] [float] NULL,
	[FC_CARGO_EXTRA] [float] NULL,
	[FC_RETENCION] [float] NULL,
	[FC_COSTO_TOTAL] [float] NOT NULL,
	[FC_NUMERO_COMPLEMENTO] [varchar](100) NULL,
	[FC_FORMA_PAGO] [varchar](100) NOT NULL,
	[FC_ESTATUS] [varchar](10) NOT NULL,
	[FC_FECHA_PAGO] [date] NULL,
 CONSTRAINT [PK_FCIDR] PRIMARY KEY CLUSTERED 
(
	[FC_ID_REGISTRO] ASC
)WITH (PAD_INDEX = OFF, STATISTICS_NORECOMPUTE = OFF, IGNORE_DUP_KEY = OFF, ALLOW_ROW_LOCKS = ON, ALLOW_PAGE_LOCKS = ON, OPTIMIZE_FOR_SEQUENTIAL_KEY = OFF) ON [PRIMARY]
) ON [PRIMARY]
GO
/****** Object:  View [dbo].[VI_INFO_FACTURA_CLIENTES]    Script Date: 28/03/2023 04:00:59 p. m. ******/
SET ANSI_NULLS ON
GO
SET QUOTED_IDENTIFIER ON
GO







CREATE VIEW [dbo].[VI_INFO_FACTURA_CLIENTES]
AS
SELECT FC_NUM_FACT_CAIR NumDoc, ISNULL(T2.CardName,'Cliente eliminado') Clentes 
,T1.FC_TIPO_MONEDA TipoMoneda
,CONVERT(varchar,FORMAT(FC_SUBTOTAL,'C','mx-MX')) subTotal, CONVERT(varchar,FORMAT(FC_IVA,'C','mx-MX')) Iva, CONVERT(varchar,FORMAT(FC_RETENCION,'C','mx-MX')) Retencion
,CONVERT(varchar,FORMAT(FC_COSTO_TOTAL,'C','mx-MX')) MontoTotal
,ISNULL(FC_FORMA_PAGO,'NO PAGADO') FormaPago
,CONVERT(VARCHAR,T1.FC_FECHA_CREACION,103) FechaRegistro
,ISNULL(CONVERT(VARCHAR,FC_FECHA_INICIO,103),'FECHA NO REGISTRADA') FechaInicio
,ISNULL(CONVERT(VARCHAR,FC_FECHA_VENCIMIENTO,103),'FECHA NO REGISTRADA') FechaFinal
,CASE WHEN FC_ESTATUS='NO' THEN 'NO PAGADO' WHEN FC_ESTATUS='C' THEN 'CANCELADO' WHEN FC_ESTATUS='V' THEN 'VENCIDA' ELSE CONVERT(VARCHAR,FC_FECHA_PAGO,103) END FechaPago
,CASE WHEN FC_ESTATUS='NO' THEN 'NO PAGADO' WHEN FC_ESTATUS='SI' THEN 'PAGADO' WHEN FC_ESTATUS='C' THEN 'CANCELADO' WHEN FC_ESTATUS='V' THEN 'VENCIDA' ELSE 'DESCONOCIDO' END Estatus
FROM FACTURAS_CLIENTES T1 LEFT JOIN CAT_CLIENTES T2 ON FC_IDCLIE=CardCode or FC_IDCLIE=CardName

GO
/****** Object:  Table [dbo].[CAT_CARTAS_INSTRUCCION]    Script Date: 28/03/2023 04:00:59 p. m. ******/
SET ANSI_NULLS ON
GO
SET QUOTED_IDENTIFIER ON
GO
CREATE TABLE [dbo].[CAT_CARTAS_INSTRUCCION](
	[CAT_CI_ID] [int] IDENTITY(1,1) NOT NULL,
	[CAT_CI_REMITENTE] [varchar](100) NULL,
	[CAT_CI_DESTINATARIO] [varchar](100) NULL,
	[CAT_CI_DTE_CARTA] [date] NULL,
	[CAT_CI_REMOLQUE] [varchar](20) NULL,
	[CAT_CI_SUBTIPO] [varchar](20) NULL,
	[CAT_CI_PLACAS] [varchar](20) NULL,
	[CAT_CI_REFPROD] [varchar](15) NULL,
	[CAT_CI_CALVE_PROD] [varchar](15) NULL,
	[CAT_CI_DESCRIPCION] [varchar](100) NULL,
	[CAT_CI_TRANSPORTADOS] [varchar](100) NULL,
	[CAT_CI_CANTIDAD] [varchar](50) NULL,
	[CAT_CI_CLAVE_UNIDAD] [varchar](15) NULL,
	[CAT_CI_UNIDAD] [varchar](20) NULL,
	[CAT_CI_HAZMAT] [varchar](5) NULL,
	[CAT_CI_COD_HAZMAT] [varchar](15) NULL,
	[CAT_CI_COD_EMBALAJE] [varchar](15) NULL,
	[CAT_CI_PESO_BRUTO] [varchar](15) NULL,
	[CAT_CI_PESO_NETO] [varchar](20) NULL,
	[CAT_CI_PESO_UNIDAD] [varchar](20) NULL,
	[CAT_CI_VALOR_MONEY] [varchar](20) NULL,
	[CAT_CI_TIPO_MONEDA] [varchar](10) NULL,
	[CAT_CI_FACTURA_ALANCERIA] [varchar](10) NULL,
	[CAT_CI_FOLIO_UUID] [varchar](50) NULL,
	[CAT_CI_TOTAL_CANTIDAD] [varchar](20) NULL,
	[CAT_CI_TOTAL_PBRUTO] [varchar](20) NULL,
	[CAT_CI_TOTAL_PNETO] [varchar](20) NULL,
	[CAT_CI_VALOR] [varchar](20) NULL,
	[CAT_CI_ADUNAC_RFC] [varchar](20) NULL,
	[CAT_CI_ADUNAC_NOMBRE] [varchar](50) NULL,
	[CAT_CI_ADUNAC_DIRECCION] [varchar](150) NULL,
	[CAT_CI_ADUEXT_RFC] [varchar](20) NULL,
	[CAT_CI_ADUEXT_NOMBRE] [varchar](50) NULL,
	[CAT_CI_ADUEXT_DIRECCION] [varchar](150) NULL,
	[CAT_CI_CLIENTE] [varchar](100) NULL,
	[CAT_CI_PROVEEDOR] [varchar](100) NULL,
PRIMARY KEY CLUSTERED 
(
	[CAT_CI_ID] ASC
)WITH (PAD_INDEX = OFF, STATISTICS_NORECOMPUTE = OFF, IGNORE_DUP_KEY = OFF, ALLOW_ROW_LOCKS = ON, ALLOW_PAGE_LOCKS = ON, OPTIMIZE_FOR_SEQUENTIAL_KEY = OFF) ON [PRIMARY]
) ON [PRIMARY]
GO
/****** Object:  Table [dbo].[CORREOS]    Script Date: 28/03/2023 04:00:59 p. m. ******/
SET ANSI_NULLS ON
GO
SET QUOTED_IDENTIFIER ON
GO
CREATE TABLE [dbo].[CORREOS](
	[ID_CORREO] [int] IDENTITY(1,1) NOT NULL,
	[CORREO] [varchar](70) NOT NULL,
	[TIPO] [varchar](50) NOT NULL,
	[ACTIVO] [int] NULL,
PRIMARY KEY CLUSTERED 
(
	[ID_CORREO] ASC
)WITH (PAD_INDEX = OFF, STATISTICS_NORECOMPUTE = OFF, IGNORE_DUP_KEY = OFF, ALLOW_ROW_LOCKS = ON, ALLOW_PAGE_LOCKS = ON, OPTIMIZE_FOR_SEQUENTIAL_KEY = OFF) ON [PRIMARY]
) ON [PRIMARY]
GO
/****** Object:  Table [dbo].[HISTORICO_ACTIVIDADES]    Script Date: 28/03/2023 04:00:59 p. m. ******/
SET ANSI_NULLS ON
GO
SET QUOTED_IDENTIFIER ON
GO
CREATE TABLE [dbo].[HISTORICO_ACTIVIDADES](
	[QUIEN] [varchar](100) NULL,
	[QUE] [varchar](max) NULL,
	[DONDE] [varchar](100) NULL,
	[CUANDO] [datetime] NULL
) ON [PRIMARY] TEXTIMAGE_ON [PRIMARY]
GO
/****** Object:  Table [dbo].[LOGS_EVENTS]    Script Date: 28/03/2023 04:00:59 p. m. ******/
SET ANSI_NULLS ON
GO
SET QUOTED_IDENTIFIER ON
GO
CREATE TABLE [dbo].[LOGS_EVENTS](
	[QUE] [varchar](max) NULL,
	[CUANDO] [datetime] NULL
) ON [PRIMARY] TEXTIMAGE_ON [PRIMARY]
GO
/****** Object:  Table [dbo].[PERFILES]    Script Date: 28/03/2023 04:00:59 p. m. ******/
SET ANSI_NULLS ON
GO
SET QUOTED_IDENTIFIER ON
GO
CREATE TABLE [dbo].[PERFILES](
	[ID_PERFIL] [int] IDENTITY(1,1) NOT NULL,
	[PERFIL_NAME] [varchar](100) NOT NULL,
	[PERMISO_CONFIGURACION] [int] NULL,
	[PERMISO_COBRO_CLIENTE] [int] NULL,
	[PERMISO_COBRO_PROVEEDOR] [int] NULL,
	[PERMISO_FACTURAS] [int] NULL,
	[PERMISO_CARTAS] [int] NULL,
	[PERMISO_TARIFAS] [int] NULL,
PRIMARY KEY CLUSTERED 
(
	[ID_PERFIL] ASC
)WITH (PAD_INDEX = OFF, STATISTICS_NORECOMPUTE = OFF, IGNORE_DUP_KEY = OFF, ALLOW_ROW_LOCKS = ON, ALLOW_PAGE_LOCKS = ON, OPTIMIZE_FOR_SEQUENTIAL_KEY = OFF) ON [PRIMARY]
) ON [PRIMARY]
GO
/****** Object:  Table [dbo].[RUTAS_ACCESO]    Script Date: 28/03/2023 04:00:59 p. m. ******/
SET ANSI_NULLS ON
GO
SET QUOTED_IDENTIFIER ON
GO
CREATE TABLE [dbo].[RUTAS_ACCESO](
	[RUTA] [varchar](100) NULL,
	[MODULO] [varchar](100) NULL
) ON [PRIMARY]
GO
/****** Object:  Table [dbo].[TARIFAS]    Script Date: 28/03/2023 04:00:59 p. m. ******/
SET ANSI_NULLS ON
GO
SET QUOTED_IDENTIFIER ON
GO
CREATE TABLE [dbo].[TARIFAS](
	[ID_TARIFA] [int] IDENTITY(1,1) NOT NULL,
	[TIPO_TARIFA] [varchar](100) NOT NULL,
	[CLIENTE] [varchar](100) NOT NULL,
	[TARIF_EXPORTACION] [float] NULL,
	[TARIF_IMPORTACION] [float] NULL,
PRIMARY KEY CLUSTERED 
(
	[ID_TARIFA] ASC
)WITH (PAD_INDEX = OFF, STATISTICS_NORECOMPUTE = OFF, IGNORE_DUP_KEY = OFF, ALLOW_ROW_LOCKS = ON, ALLOW_PAGE_LOCKS = ON, OPTIMIZE_FOR_SEQUENTIAL_KEY = OFF) ON [PRIMARY]
) ON [PRIMARY]
GO
INSERT [dbo].[CAT_CLIENTES] ([CardCode], [CardName], [NameContact], [Tel], [Tel2], [Tel3], [Tel4], [Email], [Email2], [Email3], [Email4], [DirAddressPatios], [Num_Cta], [DirAddressPatios2], [DirAddressPatios3], [BancoPreferencia]) VALUES (N'AmaCdmx', N'Amazon CDMX', N'Erick Linaez Zaragoza', N'5582423698', N'5869324286', N'5567034565', N'56349867', N'Amazon.msg@gmail.com', N'Amazon-cdmx@hotmail.com', N'Erick_LiZa@gmail.com', NULL, N'Valle de aragon 1a Sección EdoMex México 55057', N'5525584425123', NULL, NULL, N'SANTANDER')
INSERT [dbo].[CAT_CLIENTES] ([CardCode], [CardName], [NameContact], [Tel], [Tel2], [Tel3], [Tel4], [Email], [Email2], [Email3], [Email4], [DirAddressPatios], [Num_Cta], [DirAddressPatios2], [DirAddressPatios3], [BancoPreferencia]) VALUES (N'CLIE3C', N'CLIENTE DE PRUEBA C', N'Isabella Deldago ', N'5820634179', N'558276367', N'5672829029', N'5527889902', N'FERHUB8.a@gmail.com', N'Contabilidad@hotmail.com', N'correo2.prueba@gmail.com', NULL, N'deportivo cultural las americas, ecatepec 55055', NULL, N'otro patio más con ubicación en méxico', NULL, N'NINGUNO')
INSERT [dbo].[CAT_CLIENTES] ([CardCode], [CardName], [NameContact], [Tel], [Tel2], [Tel3], [Tel4], [Email], [Email2], [Email3], [Email4], [DirAddressPatios], [Num_Cta], [DirAddressPatios2], [DirAddressPatios3], [BancoPreferencia]) VALUES (N'CLIE4', N'ENVIOS EXPRESS', N'DIEGO RUIZ MARTINEZ', N'4758963210', NULL, NULL, NULL, N'Correo1.prueba@gmail.com', NULL, NULL, NULL, N'Valle de aragon 1a Sección EdoMex México 55057', NULL, NULL, NULL, N'NINGUNO')
INSERT [dbo].[CAT_CLIENTES] ([CardCode], [CardName], [NameContact], [Tel], [Tel2], [Tel3], [Tel4], [Email], [Email2], [Email3], [Email4], [DirAddressPatios], [Num_Cta], [DirAddressPatios2], [DirAddressPatios3], [BancoPreferencia]) VALUES (N'CLIE5', N'CLIENTES CHIDOS1', N'PERSONA DE CONTACTO', N'5823697410', NULL, NULL, NULL, N'corgmail.cor@gmail.com', NULL, NULL, NULL, N'ecatepec de morelos llano de los baez Manzana E depto 201', NULL, N'otro patio más con ubicación en méxico', NULL, N'NINGUNO')
INSERT [dbo].[CAT_CLIENTES] ([CardCode], [CardName], [NameContact], [Tel], [Tel2], [Tel3], [Tel4], [Email], [Email2], [Email3], [Email4], [DirAddressPatios], [Num_Cta], [DirAddressPatios2], [DirAddressPatios3], [BancoPreferencia]) VALUES (N'CLIE6', N'CLIENTES CHIDOS2', N'PERSONA DE CONTACTO', N'5823697410', NULL, NULL, NULL, N'corgmail.cor@gmail.com', NULL, NULL, NULL, N'ecatepec de morelos llano de los baez Manzana E depto 201', NULL, N'otro patio más con ubicación en méxico', NULL, N'NINGUNO')
INSERT [dbo].[CAT_CLIENTES] ([CardCode], [CardName], [NameContact], [Tel], [Tel2], [Tel3], [Tel4], [Email], [Email2], [Email3], [Email4], [DirAddressPatios], [Num_Cta], [DirAddressPatios2], [DirAddressPatios3], [BancoPreferencia]) VALUES (N'TA1', N'Transportes A', N'Carlos Estrada', N'5505213581', NULL, NULL, NULL, N'carlos.estrada@gmail.com', NULL, NULL, NULL, N'Avenida de las palomas 10', NULL, NULL, NULL, N'BBVA')
INSERT [dbo].[CAT_CLIENTES] ([CardCode], [CardName], [NameContact], [Tel], [Tel2], [Tel3], [Tel4], [Email], [Email2], [Email3], [Email4], [DirAddressPatios], [Num_Cta], [DirAddressPatios2], [DirAddressPatios3], [BancoPreferencia]) VALUES (N'TC120122', N'Transportes Carrillo', N'Javier armando Galan', N'5521403698', NULL, NULL, NULL, N'TC.Carrillo@gmail.com.mx', NULL, NULL, NULL, N'Avenida revolución industrial, CDMX, 55023', N'2031695748', NULL, NULL, N'SANTANDER')
INSERT [dbo].[CAT_CLIENTES] ([CardCode], [CardName], [NameContact], [Tel], [Tel2], [Tel3], [Tel4], [Email], [Email2], [Email3], [Email4], [DirAddressPatios], [Num_Cta], [DirAddressPatios2], [DirAddressPatios3], [BancoPreferencia]) VALUES (N'TCZ', N'Transportes carrillo zaragoza', N'Juan Escutia Alvarez', N'5524368970', N'5823694178', NULL, NULL, N'Transportes.Car@gmail.con', N'Juan-Escutia@TransCarrillo.com', NULL, NULL, N'Parque veracruz 1A sección', N'515540101102', N'Una dirección más que se puede editar', NULL, N'SANTANDER')
GO
INSERT [dbo].[CAT_PROVEEDORES] ([CardCode], [CardName], [NameContact], [Tel], [Tel2], [Tel3], [Tel4], [Email], [Email2], [Email3], [Email4], [DirAddressPatios], [Num_Cta], [BancoPreferencia], [DirAddressPatios2], [DirAddressPatios3]) VALUES (N'IdProv1', N'Proveedor Envios', N'Katerin Ramirez Licona', N'5521355036', N'557532356', N'559975322', N'555678990', N'corgmailPE.Envios@gmail.com', NULL, NULL, NULL, N'Valle de aragon 1a Sección EdoMex México', N'1023457896123046', N'SANTANDER', NULL, NULL)
INSERT [dbo].[CAT_PROVEEDORES] ([CardCode], [CardName], [NameContact], [Tel], [Tel2], [Tel3], [Tel4], [Email], [Email2], [Email3], [Email4], [DirAddressPatios], [Num_Cta], [BancoPreferencia], [DirAddressPatios2], [DirAddressPatios3]) VALUES (N'IDProveedor2', N'Proveedor de prueba contact', N'Sulema Chavez Lopez', N'5522814815', N'6230519487', N'5632234584', N'5677654333', N'Correo1.prueba@gmail.com', N'prueba-cdmx@hotmail.com', NULL, NULL, N'ecatepec de morelos llano de los baez', N'25021230258048', N'AZTECA', NULL, NULL)
INSERT [dbo].[CAT_PROVEEDORES] ([CardCode], [CardName], [NameContact], [Tel], [Tel2], [Tel3], [Tel4], [Email], [Email2], [Email3], [Email4], [DirAddressPatios], [Num_Cta], [BancoPreferencia], [DirAddressPatios2], [DirAddressPatios3]) VALUES (N'IdProveedor21', N'NOMBRE DE PROVEEDOR', N'PERSONA DE CONTACTO MODIFICADA ', N'5841236790', N'5863100436', NULL, NULL, N'ProvConsumos2@gmail.com', N'otro_correo@hotmail.com', NULL, NULL, N'Avenida de las palomas ecatepec de morelos', N'25021230258047', N'SANTANDER', NULL, NULL)
INSERT [dbo].[CAT_PROVEEDORES] ([CardCode], [CardName], [NameContact], [Tel], [Tel2], [Tel3], [Tel4], [Email], [Email2], [Email3], [Email4], [DirAddressPatios], [Num_Cta], [BancoPreferencia], [DirAddressPatios2], [DirAddressPatios3]) VALUES (N'IdProveedorNew', N'Proveedor Consumos', N'Alan Mejia olvera', N'5241638790', N'5512030520', NULL, NULL, N'ProvConsumos@gmail.com', NULL, NULL, NULL, N'Dir Patio Torres Lindavista Cdmx Piso 1', N'55154510205100', N'BBVA', NULL, NULL)
INSERT [dbo].[CAT_PROVEEDORES] ([CardCode], [CardName], [NameContact], [Tel], [Tel2], [Tel3], [Tel4], [Email], [Email2], [Email3], [Email4], [DirAddressPatios], [Num_Cta], [BancoPreferencia], [DirAddressPatios2], [DirAddressPatios3]) VALUES (N'Prov1', N'Proveedor1', N'Proveedor de envios', N'5412368097', N'5621487930', NULL, NULL, N'prov.envios@gmail.com', NULL, NULL, NULL, N'Patio 1 de proveedores México', N'15150211028', N'BBVA', NULL, NULL)
INSERT [dbo].[CAT_PROVEEDORES] ([CardCode], [CardName], [NameContact], [Tel], [Tel2], [Tel3], [Tel4], [Email], [Email2], [Email3], [Email4], [DirAddressPatios], [Num_Cta], [BancoPreferencia], [DirAddressPatios2], [DirAddressPatios3]) VALUES (N'Prov2', N'Proveedor de prueba', N'Erick Jael Linaez Gutierrez', N'5522814815', N'3024143952', NULL, NULL, N'Mail1.msg@gmail.com', N'Prueba_correo@hotmail.com', NULL, NULL, N'Dirección Editada de Proveedor', N'1234567890123456', N'SANTANDER', N'otro patio más con ubicación en méxico', NULL)
GO
SET IDENTITY_INSERT [dbo].[COBRO_CLIENTES] ON 

INSERT [dbo].[COBRO_CLIENTES] ([DOCNUM], [CLIENTE], [SUBTOTAL], [IVA], [RETENCION], [MONTO_TOTAL], [TIPO_MONEDA], [BANCO_EMISOR], [NUM_CTA], [DTE_REGISTRO], [DTE_PAGO], [PAGADO], [URL_DOCUMENTO], [VERIFICADOR], [CANCELADO], [CONCEPTO_A_PAGAR], [BK_CLIE], [BK_USR]) VALUES (4, N'AmaCdmx', 100.0000, 10.0000, 25.0000, 200.0000, N'N/A', N'BBVA', N'5213459876', CAST(N'2021-11-23T00:45:28.293' AS DateTime), CAST(N'2021-11-23' AS Date), NULL, NULL, 2, 0, NULL, N'AmaCdmx', N'2')
INSERT [dbo].[COBRO_CLIENTES] ([DOCNUM], [CLIENTE], [SUBTOTAL], [IVA], [RETENCION], [MONTO_TOTAL], [TIPO_MONEDA], [BANCO_EMISOR], [NUM_CTA], [DTE_REGISTRO], [DTE_PAGO], [PAGADO], [URL_DOCUMENTO], [VERIFICADOR], [CANCELADO], [CONCEPTO_A_PAGAR], [BK_CLIE], [BK_USR]) VALUES (5, N'CLIE4', 100.0000, 10.0000, 25.0000, 200.0000, N'MXN', N'BBVA', N'5213459876', CAST(N'2021-11-23T00:48:51.617' AS DateTime), CAST(N'2021-11-22' AS Date), NULL, NULL, 2, 0, NULL, N'CLIE4', N'2')
INSERT [dbo].[COBRO_CLIENTES] ([DOCNUM], [CLIENTE], [SUBTOTAL], [IVA], [RETENCION], [MONTO_TOTAL], [TIPO_MONEDA], [BANCO_EMISOR], [NUM_CTA], [DTE_REGISTRO], [DTE_PAGO], [PAGADO], [URL_DOCUMENTO], [VERIFICADOR], [CANCELADO], [CONCEPTO_A_PAGAR], [BK_CLIE], [BK_USR]) VALUES (6, N'CLIE4', 100.0000, 10.0000, 25.0000, 200.0000, N'MXN', N'CITIBANAMEX', N'5213459876', CAST(N'2021-11-23T00:52:27.593' AS DateTime), NULL, NULL, NULL, 1005, 0, NULL, N'CLIE4', N'1005')
INSERT [dbo].[COBRO_CLIENTES] ([DOCNUM], [CLIENTE], [SUBTOTAL], [IVA], [RETENCION], [MONTO_TOTAL], [TIPO_MONEDA], [BANCO_EMISOR], [NUM_CTA], [DTE_REGISTRO], [DTE_PAGO], [PAGADO], [URL_DOCUMENTO], [VERIFICADOR], [CANCELADO], [CONCEPTO_A_PAGAR], [BK_CLIE], [BK_USR]) VALUES (7, N'CLIE5', 115.0000, 11.0000, 30.0000, 200.0000, N'MXN', N'BBVA', N'5213459876', CAST(N'2021-11-23T00:54:03.453' AS DateTime), NULL, NULL, NULL, 3, 0, NULL, N'CLIE5', N'3')
INSERT [dbo].[COBRO_CLIENTES] ([DOCNUM], [CLIENTE], [SUBTOTAL], [IVA], [RETENCION], [MONTO_TOTAL], [TIPO_MONEDA], [BANCO_EMISOR], [NUM_CTA], [DTE_REGISTRO], [DTE_PAGO], [PAGADO], [URL_DOCUMENTO], [VERIFICADOR], [CANCELADO], [CONCEPTO_A_PAGAR], [BK_CLIE], [BK_USR]) VALUES (8, N'CLIE4', 125.0000, 5.0000, 20.0000, 150.0000, N'MXN', N'SANTANDER', N'2589631470', CAST(N'2021-11-25T23:36:09.080' AS DateTime), CAST(N'2021-11-17' AS Date), NULL, NULL, 3, 0, NULL, N'CLIE4', N'3')
INSERT [dbo].[COBRO_CLIENTES] ([DOCNUM], [CLIENTE], [SUBTOTAL], [IVA], [RETENCION], [MONTO_TOTAL], [TIPO_MONEDA], [BANCO_EMISOR], [NUM_CTA], [DTE_REGISTRO], [DTE_PAGO], [PAGADO], [URL_DOCUMENTO], [VERIFICADOR], [CANCELADO], [CONCEPTO_A_PAGAR], [BK_CLIE], [BK_USR]) VALUES (9, N'TCZ', 150.0000, 6.0000, 24.0000, 150.0000, N'DLS', N'CITIBANAMEX', N'357894126', CAST(N'2021-11-26T00:52:32.403' AS DateTime), CAST(N'2021-11-26' AS Date), NULL, NULL, 1005, 0, NULL, N'TCZ', N'1005')
INSERT [dbo].[COBRO_CLIENTES] ([DOCNUM], [CLIENTE], [SUBTOTAL], [IVA], [RETENCION], [MONTO_TOTAL], [TIPO_MONEDA], [BANCO_EMISOR], [NUM_CTA], [DTE_REGISTRO], [DTE_PAGO], [PAGADO], [URL_DOCUMENTO], [VERIFICADOR], [CANCELADO], [CONCEPTO_A_PAGAR], [BK_CLIE], [BK_USR]) VALUES (10, N'AmaCdmx', 100.0000, 0.0000, 0.0000, 100.0000, N'DLS', N'BBVA', N'1478523690', CAST(N'2021-11-26T00:55:23.187' AS DateTime), CAST(N'2021-11-26' AS Date), NULL, NULL, 3, 0, NULL, N'AmaCdmx', N'3')
INSERT [dbo].[COBRO_CLIENTES] ([DOCNUM], [CLIENTE], [SUBTOTAL], [IVA], [RETENCION], [MONTO_TOTAL], [TIPO_MONEDA], [BANCO_EMISOR], [NUM_CTA], [DTE_REGISTRO], [DTE_PAGO], [PAGADO], [URL_DOCUMENTO], [VERIFICADOR], [CANCELADO], [CONCEPTO_A_PAGAR], [BK_CLIE], [BK_USR]) VALUES (11, N'CLIE4', 150.0000, 0.0000, 0.0000, 150.0000, N'DLS', N'BBVA', N'5213459876', CAST(N'2021-12-01T00:23:25.887' AS DateTime), CAST(N'2021-12-01' AS Date), NULL, NULL, 3, 0, NULL, N'CLIE4', N'3')
INSERT [dbo].[COBRO_CLIENTES] ([DOCNUM], [CLIENTE], [SUBTOTAL], [IVA], [RETENCION], [MONTO_TOTAL], [TIPO_MONEDA], [BANCO_EMISOR], [NUM_CTA], [DTE_REGISTRO], [DTE_PAGO], [PAGADO], [URL_DOCUMENTO], [VERIFICADOR], [CANCELADO], [CONCEPTO_A_PAGAR], [BK_CLIE], [BK_USR]) VALUES (12, N'CLIE3C', 250.0000, 10.0000, 40.0000, 300.0000, N'MXN', N'SANTANDER', N'2589631470', CAST(N'2021-12-23T23:59:35.463' AS DateTime), CAST(N'2021-12-23' AS Date), NULL, NULL, 1002, 0, NULL, N'CLIE3C', N'1002')
INSERT [dbo].[COBRO_CLIENTES] ([DOCNUM], [CLIENTE], [SUBTOTAL], [IVA], [RETENCION], [MONTO_TOTAL], [TIPO_MONEDA], [BANCO_EMISOR], [NUM_CTA], [DTE_REGISTRO], [DTE_PAGO], [PAGADO], [URL_DOCUMENTO], [VERIFICADOR], [CANCELADO], [CONCEPTO_A_PAGAR], [BK_CLIE], [BK_USR]) VALUES (13, NULL, 8500.0000, 340.0000, 1360.0000, 10200.0000, N'MXN', N'SANTANDER', N'5213459876', CAST(N'2021-12-24T00:02:36.050' AS DateTime), NULL, NULL, NULL, 2, 0, N'Concepto a pagar de prueba', N'CLIE2', N'2')
INSERT [dbo].[COBRO_CLIENTES] ([DOCNUM], [CLIENTE], [SUBTOTAL], [IVA], [RETENCION], [MONTO_TOTAL], [TIPO_MONEDA], [BANCO_EMISOR], [NUM_CTA], [DTE_REGISTRO], [DTE_PAGO], [PAGADO], [URL_DOCUMENTO], [VERIFICADOR], [CANCELADO], [CONCEPTO_A_PAGAR], [BK_CLIE], [BK_USR]) VALUES (14, N'CLIE3C', 1500.0000, 0.0000, 0.0000, 1500.0000, N'DLS', N'SANTANDER', N'9040005093', CAST(N'2021-12-25T12:25:03.387' AS DateTime), CAST(N'2021-12-25' AS Date), NULL, NULL, 1002, 0, N'fthfghfhtf', N'CLIE3C', N'1002')
INSERT [dbo].[COBRO_CLIENTES] ([DOCNUM], [CLIENTE], [SUBTOTAL], [IVA], [RETENCION], [MONTO_TOTAL], [TIPO_MONEDA], [BANCO_EMISOR], [NUM_CTA], [DTE_REGISTRO], [DTE_PAGO], [PAGADO], [URL_DOCUMENTO], [VERIFICADOR], [CANCELADO], [CONCEPTO_A_PAGAR], [BK_CLIE], [BK_USR]) VALUES (15, N'AmaCdmx', 1500.0000, 60.0000, 240.0000, 1800.0000, N'MXN', N'SANTANDER', N'fscdsf5232', CAST(N'2022-01-11T16:59:06.047' AS DateTime), CAST(N'2022-01-11' AS Date), NULL, NULL, 1005, 0, N'prueba publicada', N'AmaCdmx', N'1005')
INSERT [dbo].[COBRO_CLIENTES] ([DOCNUM], [CLIENTE], [SUBTOTAL], [IVA], [RETENCION], [MONTO_TOTAL], [TIPO_MONEDA], [BANCO_EMISOR], [NUM_CTA], [DTE_REGISTRO], [DTE_PAGO], [PAGADO], [URL_DOCUMENTO], [VERIFICADOR], [CANCELADO], [CONCEPTO_A_PAGAR], [BK_CLIE], [BK_USR]) VALUES (16, N'AmaCdmx', 1000.0000, 0.0000, 0.0000, 1000.0000, N'DLS', N'NINGUNO', NULL, CAST(N'2022-01-12T19:31:19.973' AS DateTime), NULL, NULL, NULL, 2, 0, NULL, N'AmaCdmx', N'2')
INSERT [dbo].[COBRO_CLIENTES] ([DOCNUM], [CLIENTE], [SUBTOTAL], [IVA], [RETENCION], [MONTO_TOTAL], [TIPO_MONEDA], [BANCO_EMISOR], [NUM_CTA], [DTE_REGISTRO], [DTE_PAGO], [PAGADO], [URL_DOCUMENTO], [VERIFICADOR], [CANCELADO], [CONCEPTO_A_PAGAR], [BK_CLIE], [BK_USR]) VALUES (17, N'TC120122', 1500.0000, 60.0000, 240.0000, 1800.0000, N'MXN', N'SANTANDER', N'9040005093', CAST(N'2022-01-12T22:06:52.227' AS DateTime), CAST(N'2022-01-14' AS Date), NULL, NULL, 3, 0, N'TRASLADO DE PRODUCTOS', N'TC120122', N'3')
SET IDENTITY_INSERT [dbo].[COBRO_CLIENTES] OFF
GO
INSERT [dbo].[FACTURAS_CLIENTES] ([FC_ID_REGISTRO], [FC_FECHA_CREACION], [FC_FECHA_INICIO], [FC_FECHA_VENCIMIENTO], [FC_NUM_FACT_CAIR], [FC_IDCLIE], [FC_TIPO_MONEDA], [FC_SUBTOTAL], [FC_IVA], [FC_CARGO_EXTRA], [FC_RETENCION], [FC_COSTO_TOTAL], [FC_NUMERO_COMPLEMENTO], [FC_FORMA_PAGO], [FC_ESTATUS], [FC_FECHA_PAGO]) VALUES (N'FCP1006221222172D00', CAST(N'2022-06-10T00:22:17.570' AS DateTime), CAST(N'2022-06-10' AS Date), CAST(N'2022-06-11' AS Date), 30, N'CLIE6', N'MXN', 43000, 1992, 6800, 7968, 59760, NULL, N'PUE', N'V', NULL)
INSERT [dbo].[FACTURAS_CLIENTES] ([FC_ID_REGISTRO], [FC_FECHA_CREACION], [FC_FECHA_INICIO], [FC_FECHA_VENCIMIENTO], [FC_NUM_FACT_CAIR], [FC_IDCLIE], [FC_TIPO_MONEDA], [FC_SUBTOTAL], [FC_IVA], [FC_CARGO_EXTRA], [FC_RETENCION], [FC_COSTO_TOTAL], [FC_NUMERO_COMPLEMENTO], [FC_FORMA_PAGO], [FC_ESTATUS], [FC_FECHA_PAGO]) VALUES (N'FCP3005220939170373', CAST(N'2022-05-30T21:39:17.570' AS DateTime), CAST(N'2022-04-20' AS Date), CAST(N'2022-06-04' AS Date), 5, N'CLIE4', N'DLS', 1300, 0, 2000, 0, 3300, N'3', N'PPD', N'SI', CAST(N'2022-05-27' AS Date))
INSERT [dbo].[FACTURAS_CLIENTES] ([FC_ID_REGISTRO], [FC_FECHA_CREACION], [FC_FECHA_INICIO], [FC_FECHA_VENCIMIENTO], [FC_NUM_FACT_CAIR], [FC_IDCLIE], [FC_TIPO_MONEDA], [FC_SUBTOTAL], [FC_IVA], [FC_CARGO_EXTRA], [FC_RETENCION], [FC_COSTO_TOTAL], [FC_NUMERO_COMPLEMENTO], [FC_FORMA_PAGO], [FC_ESTATUS], [FC_FECHA_PAGO]) VALUES (N'FCP3005220939172115', CAST(N'2022-05-30T21:39:17.523' AS DateTime), CAST(N'2022-05-11' AS Date), CAST(N'2022-06-01' AS Date), 11, N'AmaCdmx', N'DLS', 40000, 0, 300, 0, 40300, N'4', N'PPD', N'SI', CAST(N'2022-05-26' AS Date))
INSERT [dbo].[FACTURAS_CLIENTES] ([FC_ID_REGISTRO], [FC_FECHA_CREACION], [FC_FECHA_INICIO], [FC_FECHA_VENCIMIENTO], [FC_NUM_FACT_CAIR], [FC_IDCLIE], [FC_TIPO_MONEDA], [FC_SUBTOTAL], [FC_IVA], [FC_CARGO_EXTRA], [FC_RETENCION], [FC_COSTO_TOTAL], [FC_NUMERO_COMPLEMENTO], [FC_FORMA_PAGO], [FC_ESTATUS], [FC_FECHA_PAGO]) VALUES (N'FCP300522093917395C', CAST(N'2022-05-30T21:39:17.523' AS DateTime), CAST(N'2022-05-04' AS Date), CAST(N'2022-05-31' AS Date), 15, N'CLIE5', N'MXN', 39000, 1720, 10000, 6880, 57600, N'8', N'PUE', N'SI', CAST(N'2022-05-26' AS Date))
INSERT [dbo].[FACTURAS_CLIENTES] ([FC_ID_REGISTRO], [FC_FECHA_CREACION], [FC_FECHA_INICIO], [FC_FECHA_VENCIMIENTO], [FC_NUM_FACT_CAIR], [FC_IDCLIE], [FC_TIPO_MONEDA], [FC_SUBTOTAL], [FC_IVA], [FC_CARGO_EXTRA], [FC_RETENCION], [FC_COSTO_TOTAL], [FC_NUMERO_COMPLEMENTO], [FC_FORMA_PAGO], [FC_ESTATUS], [FC_FECHA_PAGO]) VALUES (N'FCP3005220939174651', CAST(N'2022-05-30T21:39:17.523' AS DateTime), CAST(N'2022-04-20' AS Date), CAST(N'2022-06-04' AS Date), 14, N'CLIE4', N'DLS', 15000, 0, 2000, 0, 17000, N'3', N'PPD', N'SI', CAST(N'2022-04-26' AS Date))
INSERT [dbo].[FACTURAS_CLIENTES] ([FC_ID_REGISTRO], [FC_FECHA_CREACION], [FC_FECHA_INICIO], [FC_FECHA_VENCIMIENTO], [FC_NUM_FACT_CAIR], [FC_IDCLIE], [FC_TIPO_MONEDA], [FC_SUBTOTAL], [FC_IVA], [FC_CARGO_EXTRA], [FC_RETENCION], [FC_COSTO_TOTAL], [FC_NUMERO_COMPLEMENTO], [FC_FORMA_PAGO], [FC_ESTATUS], [FC_FECHA_PAGO]) VALUES (N'FCP300522093917466A', CAST(N'2022-05-30T21:39:17.523' AS DateTime), CAST(N'2022-04-25' AS Date), CAST(N'2022-06-03' AS Date), 13, N'CLIE3C', N'MXN', 30000, 1472, 6800, 5888, 44160, N'2', N'PUE', N'SI', CAST(N'2022-05-11' AS Date))
INSERT [dbo].[FACTURAS_CLIENTES] ([FC_ID_REGISTRO], [FC_FECHA_CREACION], [FC_FECHA_INICIO], [FC_FECHA_VENCIMIENTO], [FC_NUM_FACT_CAIR], [FC_IDCLIE], [FC_TIPO_MONEDA], [FC_SUBTOTAL], [FC_IVA], [FC_CARGO_EXTRA], [FC_RETENCION], [FC_COSTO_TOTAL], [FC_NUMERO_COMPLEMENTO], [FC_FORMA_PAGO], [FC_ESTATUS], [FC_FECHA_PAGO]) VALUES (N'FCP3005220939175701', CAST(N'2022-05-30T21:39:17.570' AS DateTime), CAST(N'2022-05-11' AS Date), CAST(N'2022-06-01' AS Date), 2, N'AmaCdmx', N'DLS', 2500, 0, 300, 0, 2800, N'4', N'PPD', N'SI', CAST(N'2022-05-27' AS Date))
INSERT [dbo].[FACTURAS_CLIENTES] ([FC_ID_REGISTRO], [FC_FECHA_CREACION], [FC_FECHA_INICIO], [FC_FECHA_VENCIMIENTO], [FC_NUM_FACT_CAIR], [FC_IDCLIE], [FC_TIPO_MONEDA], [FC_SUBTOTAL], [FC_IVA], [FC_CARGO_EXTRA], [FC_RETENCION], [FC_COSTO_TOTAL], [FC_NUMERO_COMPLEMENTO], [FC_FORMA_PAGO], [FC_ESTATUS], [FC_FECHA_PAGO]) VALUES (N'FCP30052209391764D4', CAST(N'2022-05-30T21:39:17.603' AS DateTime), CAST(N'2022-05-04' AS Date), CAST(N'2022-06-01' AS Date), 6, N'Transportes A', N'MXN', 30000, 1600, 4000, 6880, 42480, N'8', N'PUE', N'SI', CAST(N'2022-06-03' AS Date))
INSERT [dbo].[FACTURAS_CLIENTES] ([FC_ID_REGISTRO], [FC_FECHA_CREACION], [FC_FECHA_INICIO], [FC_FECHA_VENCIMIENTO], [FC_NUM_FACT_CAIR], [FC_IDCLIE], [FC_TIPO_MONEDA], [FC_SUBTOTAL], [FC_IVA], [FC_CARGO_EXTRA], [FC_RETENCION], [FC_COSTO_TOTAL], [FC_NUMERO_COMPLEMENTO], [FC_FORMA_PAGO], [FC_ESTATUS], [FC_FECHA_PAGO]) VALUES (N'FCP3005220939177A90', CAST(N'2022-05-30T21:39:17.523' AS DateTime), CAST(N'2022-04-25' AS Date), CAST(N'2022-06-02' AS Date), 12, N'AmaCdmx', N'MXN', 15000, 9000, 5000, 3200, 32200, N'1', N'PPD', N'SI', CAST(N'2022-04-27' AS Date))
INSERT [dbo].[FACTURAS_CLIENTES] ([FC_ID_REGISTRO], [FC_FECHA_CREACION], [FC_FECHA_INICIO], [FC_FECHA_VENCIMIENTO], [FC_NUM_FACT_CAIR], [FC_IDCLIE], [FC_TIPO_MONEDA], [FC_SUBTOTAL], [FC_IVA], [FC_CARGO_EXTRA], [FC_RETENCION], [FC_COSTO_TOTAL], [FC_NUMERO_COMPLEMENTO], [FC_FORMA_PAGO], [FC_ESTATUS], [FC_FECHA_PAGO]) VALUES (N'FCP30052209391787B1', CAST(N'2022-05-30T21:39:17.603' AS DateTime), CAST(N'2022-05-11' AS Date), CAST(N'2022-06-02' AS Date), 7, N'Transportes Carrillo', N'DLS', 2450, 0, 150, 0, 2600, N'4', N'PPD', N'SI', CAST(N'2022-06-07' AS Date))
INSERT [dbo].[FACTURAS_CLIENTES] ([FC_ID_REGISTRO], [FC_FECHA_CREACION], [FC_FECHA_INICIO], [FC_FECHA_VENCIMIENTO], [FC_NUM_FACT_CAIR], [FC_IDCLIE], [FC_TIPO_MONEDA], [FC_SUBTOTAL], [FC_IVA], [FC_CARGO_EXTRA], [FC_RETENCION], [FC_COSTO_TOTAL], [FC_NUMERO_COMPLEMENTO], [FC_FORMA_PAGO], [FC_ESTATUS], [FC_FECHA_PAGO]) VALUES (N'FCP3005220939179F53', CAST(N'2022-05-30T21:39:17.570' AS DateTime), CAST(N'2022-05-04' AS Date), CAST(N'2022-05-31' AS Date), 1, N'CLIE5', N'MXN', 25000, 1600, 10000, 6880, 43480, N'8', N'PUE', N'SI', CAST(N'2022-05-27' AS Date))
INSERT [dbo].[FACTURAS_CLIENTES] ([FC_ID_REGISTRO], [FC_FECHA_CREACION], [FC_FECHA_INICIO], [FC_FECHA_VENCIMIENTO], [FC_NUM_FACT_CAIR], [FC_IDCLIE], [FC_TIPO_MONEDA], [FC_SUBTOTAL], [FC_IVA], [FC_CARGO_EXTRA], [FC_RETENCION], [FC_COSTO_TOTAL], [FC_NUMERO_COMPLEMENTO], [FC_FORMA_PAGO], [FC_ESTATUS], [FC_FECHA_PAGO]) VALUES (N'FCP300522093917BD41', CAST(N'2022-05-30T21:39:17.603' AS DateTime), CAST(N'2022-04-25' AS Date), CAST(N'2022-06-04' AS Date), 9, N'Transportes A', N'MXN', 23000, 1850, 9000, 5888, 39738, N'2', N'PUE', N'V', NULL)
INSERT [dbo].[FACTURAS_CLIENTES] ([FC_ID_REGISTRO], [FC_FECHA_CREACION], [FC_FECHA_INICIO], [FC_FECHA_VENCIMIENTO], [FC_NUM_FACT_CAIR], [FC_IDCLIE], [FC_TIPO_MONEDA], [FC_SUBTOTAL], [FC_IVA], [FC_CARGO_EXTRA], [FC_RETENCION], [FC_COSTO_TOTAL], [FC_NUMERO_COMPLEMENTO], [FC_FORMA_PAGO], [FC_ESTATUS], [FC_FECHA_PAGO]) VALUES (N'FCP300522093917E0FA', CAST(N'2022-05-30T21:39:17.603' AS DateTime), CAST(N'2022-04-25' AS Date), CAST(N'2022-06-03' AS Date), 8, N'Transportes carrillo zaragoza', N'MXN', 18000, 4000, 6000, 3200, 31200, N'1', N'PPD', N'V', NULL)
INSERT [dbo].[FACTURAS_CLIENTES] ([FC_ID_REGISTRO], [FC_FECHA_CREACION], [FC_FECHA_INICIO], [FC_FECHA_VENCIMIENTO], [FC_NUM_FACT_CAIR], [FC_IDCLIE], [FC_TIPO_MONEDA], [FC_SUBTOTAL], [FC_IVA], [FC_CARGO_EXTRA], [FC_RETENCION], [FC_COSTO_TOTAL], [FC_NUMERO_COMPLEMENTO], [FC_FORMA_PAGO], [FC_ESTATUS], [FC_FECHA_PAGO]) VALUES (N'FCP300522093917E5B3', CAST(N'2022-05-30T21:39:17.603' AS DateTime), CAST(N'2022-04-20' AS Date), CAST(N'2022-06-05' AS Date), 10, N'Transportes Carrillo', N'DLS', 2600, 0, 250, 0, 2850, N'3', N'PPD', N'V', NULL)
INSERT [dbo].[FACTURAS_CLIENTES] ([FC_ID_REGISTRO], [FC_FECHA_CREACION], [FC_FECHA_INICIO], [FC_FECHA_VENCIMIENTO], [FC_NUM_FACT_CAIR], [FC_IDCLIE], [FC_TIPO_MONEDA], [FC_SUBTOTAL], [FC_IVA], [FC_CARGO_EXTRA], [FC_RETENCION], [FC_COSTO_TOTAL], [FC_NUMERO_COMPLEMENTO], [FC_FORMA_PAGO], [FC_ESTATUS], [FC_FECHA_PAGO]) VALUES (N'FCP300522093917FBAB', CAST(N'2022-05-30T21:39:17.570' AS DateTime), CAST(N'2022-04-25' AS Date), CAST(N'2022-06-03' AS Date), 4, N'CLIE3C', N'MXN', 18000, 1472, 6800, 5888, 32160, N'2', N'PUE', N'SI', CAST(N'2022-05-27' AS Date))
INSERT [dbo].[FACTURAS_CLIENTES] ([FC_ID_REGISTRO], [FC_FECHA_CREACION], [FC_FECHA_INICIO], [FC_FECHA_VENCIMIENTO], [FC_NUM_FACT_CAIR], [FC_IDCLIE], [FC_TIPO_MONEDA], [FC_SUBTOTAL], [FC_IVA], [FC_CARGO_EXTRA], [FC_RETENCION], [FC_COSTO_TOTAL], [FC_NUMERO_COMPLEMENTO], [FC_FORMA_PAGO], [FC_ESTATUS], [FC_FECHA_PAGO]) VALUES (N'FCP300522093917FF7B', CAST(N'2022-05-30T21:39:17.570' AS DateTime), CAST(N'2022-04-25' AS Date), CAST(N'2022-06-02' AS Date), 3, N'AmaCdmx', N'MXN', 15000, 9000, 5000, 3200, 32200, N'1', N'PPD', N'SI', CAST(N'2022-05-27' AS Date))
GO
INSERT [dbo].[FACTURAS_PROVEEDORES] ([FP_ID_REGISTRO], [FP_FECHA_CREACION], [FP_FECHA_INICIO], [FP_FECHA_VENCIMIENTO], [FP_NUMERO_CAJA], [FP_PEDIMENTO], [FP_NUM_FACT_PROV], [FP_NUM_FACT_CAIR], [FP_IDPROV], [FP_TIPO_MONEDA], [FP_SUBTOTAL], [FP_IVA], [FP_CARGO_EXTRA], [FP_RETENCION], [FP_COSTO_TOTAL], [FP_REFERENCIA], [FP_FORMA_PAGO], [FP_ESTATUS], [FP_FECHA_PAGO]) VALUES (N'FP1706220108036003F94B-', CAST(N'2022-06-17T01:08:03.650' AS DateTime), CAST(N'2022-06-04' AS Date), CAST(N'2022-06-18' AS Date), 8, 8, 8, 8, N'IDProveedor2', N'DLS', 4000, 0, 0, 0, 4000, N'872870413333339', N'PUE', N'SI', CAST(N'2022-06-16' AS Date))
INSERT [dbo].[FACTURAS_PROVEEDORES] ([FP_ID_REGISTRO], [FP_FECHA_CREACION], [FP_FECHA_INICIO], [FP_FECHA_VENCIMIENTO], [FP_NUMERO_CAJA], [FP_PEDIMENTO], [FP_NUM_FACT_PROV], [FP_NUM_FACT_CAIR], [FP_IDPROV], [FP_TIPO_MONEDA], [FP_SUBTOTAL], [FP_IVA], [FP_CARGO_EXTRA], [FP_RETENCION], [FP_COSTO_TOTAL], [FP_REFERENCIA], [FP_FORMA_PAGO], [FP_ESTATUS], [FP_FECHA_PAGO]) VALUES (N'FP170622010803A2DDBF7E-', CAST(N'2022-06-17T01:08:03.650' AS DateTime), CAST(N'2022-06-01' AS Date), CAST(N'2022-06-17' AS Date), 5, 5, 5, 5, N'IdProveedorNew', N'MXN', 11000, 1600, 3000, 2400, 18000, N'17414100505', N'PUE', N'NO', NULL)
INSERT [dbo].[FACTURAS_PROVEEDORES] ([FP_ID_REGISTRO], [FP_FECHA_CREACION], [FP_FECHA_INICIO], [FP_FECHA_VENCIMIENTO], [FP_NUMERO_CAJA], [FP_PEDIMENTO], [FP_NUM_FACT_PROV], [FP_NUM_FACT_CAIR], [FP_IDPROV], [FP_TIPO_MONEDA], [FP_SUBTOTAL], [FP_IVA], [FP_CARGO_EXTRA], [FP_RETENCION], [FP_COSTO_TOTAL], [FP_REFERENCIA], [FP_FORMA_PAGO], [FP_ESTATUS], [FP_FECHA_PAGO]) VALUES (N'FP170622010803BD5AC44B-', CAST(N'2022-06-17T01:08:03.650' AS DateTime), CAST(N'2022-06-02' AS Date), CAST(N'2022-06-20' AS Date), 6, 6, 6, 6, N'IDProveedor2', N'DLS', 4000, NULL, 0, 0, 4000, N'741025896301478', N'PPD', N'SI', CAST(N'2022-06-23' AS Date))
INSERT [dbo].[FACTURAS_PROVEEDORES] ([FP_ID_REGISTRO], [FP_FECHA_CREACION], [FP_FECHA_INICIO], [FP_FECHA_VENCIMIENTO], [FP_NUMERO_CAJA], [FP_PEDIMENTO], [FP_NUM_FACT_PROV], [FP_NUM_FACT_CAIR], [FP_IDPROV], [FP_TIPO_MONEDA], [FP_SUBTOTAL], [FP_IVA], [FP_CARGO_EXTRA], [FP_RETENCION], [FP_COSTO_TOTAL], [FP_REFERENCIA], [FP_FORMA_PAGO], [FP_ESTATUS], [FP_FECHA_PAGO]) VALUES (N'FP170622010803D316CD6F-', CAST(N'2022-06-17T01:08:03.650' AS DateTime), CAST(N'2022-06-13' AS Date), CAST(N'2022-06-17' AS Date), 7, 7, 7, 7, N'IdProveedorNew', N'MXN', 11000, 4500, 1000, 980, 17480, N'7896541230147850000', N'PUE', N'NO', NULL)
INSERT [dbo].[FACTURAS_PROVEEDORES] ([FP_ID_REGISTRO], [FP_FECHA_CREACION], [FP_FECHA_INICIO], [FP_FECHA_VENCIMIENTO], [FP_NUMERO_CAJA], [FP_PEDIMENTO], [FP_NUM_FACT_PROV], [FP_NUM_FACT_CAIR], [FP_IDPROV], [FP_TIPO_MONEDA], [FP_SUBTOTAL], [FP_IVA], [FP_CARGO_EXTRA], [FP_RETENCION], [FP_COSTO_TOTAL], [FP_REFERENCIA], [FP_FORMA_PAGO], [FP_ESTATUS], [FP_FECHA_PAGO]) VALUES (N'FP17062212255945ADD003-', CAST(N'2022-06-17T00:26:00.320' AS DateTime), CAST(N'2022-06-01' AS Date), CAST(N'2022-06-17' AS Date), 1, 1, 1, 1, N'IdProveedorNew', N'MXN', 12000, 600, 3000, 2400, 18000, N'17414100505', N'PUE', N'V', NULL)
INSERT [dbo].[FACTURAS_PROVEEDORES] ([FP_ID_REGISTRO], [FP_FECHA_CREACION], [FP_FECHA_INICIO], [FP_FECHA_VENCIMIENTO], [FP_NUMERO_CAJA], [FP_PEDIMENTO], [FP_NUM_FACT_PROV], [FP_NUM_FACT_CAIR], [FP_IDPROV], [FP_TIPO_MONEDA], [FP_SUBTOTAL], [FP_IVA], [FP_CARGO_EXTRA], [FP_RETENCION], [FP_COSTO_TOTAL], [FP_REFERENCIA], [FP_FORMA_PAGO], [FP_ESTATUS], [FP_FECHA_PAGO]) VALUES (N'FP170622123559F16E76C3-', CAST(N'2022-06-17T00:35:59.250' AS DateTime), CAST(N'2022-06-02' AS Date), CAST(N'2022-06-20' AS Date), 2, 2, 2, 2, N'IDProveedor2', N'MXN', 18000, 860, 3500, 3440, 25800, N'741025896301478', N'PPD', N'SI', CAST(N'2022-06-23' AS Date))
INSERT [dbo].[FACTURAS_PROVEEDORES] ([FP_ID_REGISTRO], [FP_FECHA_CREACION], [FP_FECHA_INICIO], [FP_FECHA_VENCIMIENTO], [FP_NUMERO_CAJA], [FP_PEDIMENTO], [FP_NUM_FACT_PROV], [FP_NUM_FACT_CAIR], [FP_IDPROV], [FP_TIPO_MONEDA], [FP_SUBTOTAL], [FP_IVA], [FP_CARGO_EXTRA], [FP_RETENCION], [FP_COSTO_TOTAL], [FP_REFERENCIA], [FP_FORMA_PAGO], [FP_ESTATUS], [FP_FECHA_PAGO]) VALUES (N'FP17062212392668C25239-', CAST(N'2022-06-17T00:39:26.687' AS DateTime), CAST(N'2022-06-13' AS Date), CAST(N'2022-06-17' AS Date), 3, 3, 3, 3, N'IdProveedorNew', N'DLS', 9000, 0, 1000, 0, 10000, N'7896541230147852369', N'PUE', N'NO', NULL)
INSERT [dbo].[FACTURAS_PROVEEDORES] ([FP_ID_REGISTRO], [FP_FECHA_CREACION], [FP_FECHA_INICIO], [FP_FECHA_VENCIMIENTO], [FP_NUMERO_CAJA], [FP_PEDIMENTO], [FP_NUM_FACT_PROV], [FP_NUM_FACT_CAIR], [FP_IDPROV], [FP_TIPO_MONEDA], [FP_SUBTOTAL], [FP_IVA], [FP_CARGO_EXTRA], [FP_RETENCION], [FP_COSTO_TOTAL], [FP_REFERENCIA], [FP_FORMA_PAGO], [FP_ESTATUS], [FP_FECHA_PAGO]) VALUES (N'FP170622124134DA0E8E8E-', CAST(N'2022-06-17T00:41:34.347' AS DateTime), CAST(N'2022-06-04' AS Date), CAST(N'2022-06-18' AS Date), 4, 4, 4, 4, N'IDProveedor2', N'MXN', 11000, 440, 0, 1760, 13200, N'872870413333339', N'PUE', N'SI', CAST(N'2022-06-16' AS Date))
GO
INSERT [dbo].[LOGS_EVENTS] ([QUE], [CUANDO]) VALUES (N'4', CAST(N'2022-05-30T23:27:48.070' AS DateTime))
INSERT [dbo].[LOGS_EVENTS] ([QUE], [CUANDO]) VALUES (N'4', CAST(N'2022-05-30T23:28:00.830' AS DateTime))
INSERT [dbo].[LOGS_EVENTS] ([QUE], [CUANDO]) VALUES (N'4', CAST(N'2022-05-30T23:28:17.830' AS DateTime))
INSERT [dbo].[LOGS_EVENTS] ([QUE], [CUANDO]) VALUES (N'40---', CAST(N'2022-05-30T23:30:29.820' AS DateTime))
INSERT [dbo].[LOGS_EVENTS] ([QUE], [CUANDO]) VALUES (N'40---', CAST(N'2022-05-30T23:31:07.103' AS DateTime))
INSERT [dbo].[LOGS_EVENTS] ([QUE], [CUANDO]) VALUES (N'40- FECHA 1 - FECHA2 - PARAMETROS', CAST(N'2022-05-30T23:31:46.620' AS DateTime))
INSERT [dbo].[LOGS_EVENTS] ([QUE], [CUANDO]) VALUES (N'10000- FECHA 1 2022-05-30- FECHA2 2022-04-03- PARAMETROS', CAST(N'2022-05-31T00:06:13.707' AS DateTime))
INSERT [dbo].[LOGS_EVENTS] ([QUE], [CUANDO]) VALUES (N'10000- FECHA 1 2022-05-30- FECHA2 2022-04-03- PARAMETROS', CAST(N'2022-05-31T00:08:44.973' AS DateTime))
INSERT [dbo].[LOGS_EVENTS] ([QUE], [CUANDO]) VALUES (N'10000- FECHA 1 2022-05-30- FECHA2 2022-06-02- PARAMETROS', CAST(N'2022-05-31T00:08:59.200' AS DateTime))
INSERT [dbo].[LOGS_EVENTS] ([QUE], [CUANDO]) VALUES (N'1000 BANDERA: 0- FECHA 1 31/05/2022- FECHA2 02/05/2022- PARAMETROS', CAST(N'2022-05-31T23:40:38.110' AS DateTime))
INSERT [dbo].[LOGS_EVENTS] ([QUE], [CUANDO]) VALUES (N'2', CAST(N'2022-05-31T23:40:38.110' AS DateTime))
INSERT [dbo].[LOGS_EVENTS] ([QUE], [CUANDO]) VALUES (N'1000 BANDERA: 0- FECHA 1 2022-05-31- FECHA2 2022-06-02- PARAMETROS', CAST(N'2022-05-31T23:42:44.377' AS DateTime))
INSERT [dbo].[LOGS_EVENTS] ([QUE], [CUANDO]) VALUES (N'2', CAST(N'2022-05-31T23:42:44.377' AS DateTime))
INSERT [dbo].[LOGS_EVENTS] ([QUE], [CUANDO]) VALUES (N'1000 BANDERA: 0- FECHA 1 2022-05-31- FECHA2 2022-06-02- PARAMETROS', CAST(N'2022-05-31T23:43:42.980' AS DateTime))
INSERT [dbo].[LOGS_EVENTS] ([QUE], [CUANDO]) VALUES (N'2', CAST(N'2022-05-31T23:43:42.980' AS DateTime))
INSERT [dbo].[LOGS_EVENTS] ([QUE], [CUANDO]) VALUES (N'1000 BANDERA: 0- FECHA 1 2022-05-31- FECHA2 2022-06-02- PARAMETROS', CAST(N'2022-05-31T23:45:12.573' AS DateTime))
INSERT [dbo].[LOGS_EVENTS] ([QUE], [CUANDO]) VALUES (N'2', CAST(N'2022-05-31T23:45:12.573' AS DateTime))
INSERT [dbo].[LOGS_EVENTS] ([QUE], [CUANDO]) VALUES (N'1000 BANDERA: 0- FECHA 1 - FECHA2 - PARAMETROS: AMA', CAST(N'2022-05-31T23:56:11.687' AS DateTime))
INSERT [dbo].[LOGS_EVENTS] ([QUE], [CUANDO]) VALUES (N'3 BANDERA: 0- FECHA 1 - FECHA2 - PARAMETROS: AMA', CAST(N'2022-05-31T23:56:11.690' AS DateTime))
INSERT [dbo].[LOGS_EVENTS] ([QUE], [CUANDO]) VALUES (N'1000 BANDERA: 0- FECHA 1 - FECHA2 - PARAMETROS: AMA', CAST(N'2022-05-31T23:56:15.313' AS DateTime))
INSERT [dbo].[LOGS_EVENTS] ([QUE], [CUANDO]) VALUES (N'3 BANDERA: 0- FECHA 1 - FECHA2 - PARAMETROS: AMA', CAST(N'2022-05-31T23:56:15.317' AS DateTime))
INSERT [dbo].[LOGS_EVENTS] ([QUE], [CUANDO]) VALUES (N'1000 BANDERA: 0- FECHA 1 - FECHA2 - PARAMETROS: AMA', CAST(N'2022-06-01T00:31:07.010' AS DateTime))
INSERT [dbo].[LOGS_EVENTS] ([QUE], [CUANDO]) VALUES (N'3 BANDERA: 0- FECHA 1 - FECHA2 - PARAMETROS: AMA', CAST(N'2022-06-01T00:31:07.010' AS DateTime))
INSERT [dbo].[LOGS_EVENTS] ([QUE], [CUANDO]) VALUES (N'1000 BANDERA: 0- FECHA 1 - FECHA2 - PARAMETROS: AMA', CAST(N'2022-06-01T00:31:09.290' AS DateTime))
INSERT [dbo].[LOGS_EVENTS] ([QUE], [CUANDO]) VALUES (N'3 BANDERA: 0- FECHA 1 - FECHA2 - PARAMETROS: AMA', CAST(N'2022-06-01T00:31:09.293' AS DateTime))
INSERT [dbo].[LOGS_EVENTS] ([QUE], [CUANDO]) VALUES (N'1000 BANDERA: 0- FECHA 1 - FECHA2 - PARAMETROS: AMA', CAST(N'2022-06-01T00:32:08.000' AS DateTime))
INSERT [dbo].[LOGS_EVENTS] ([QUE], [CUANDO]) VALUES (N'3 BANDERA: 0- FECHA 1 - FECHA2 - PARAMETROS: AMA', CAST(N'2022-06-01T00:32:08.003' AS DateTime))
INSERT [dbo].[LOGS_EVENTS] ([QUE], [CUANDO]) VALUES (N'1000 BANDERA: 0- FECHA 1 - FECHA2 - PARAMETROS: AMA', CAST(N'2022-06-01T00:32:09.970' AS DateTime))
INSERT [dbo].[LOGS_EVENTS] ([QUE], [CUANDO]) VALUES (N'3 BANDERA: 0- FECHA 1 - FECHA2 - PARAMETROS: AMA', CAST(N'2022-06-01T00:32:09.970' AS DateTime))
INSERT [dbo].[LOGS_EVENTS] ([QUE], [CUANDO]) VALUES (N'1000 BANDERA: 0- FECHA 1 - FECHA2 - PARAMETROS: Am', CAST(N'2022-06-01T00:46:09.027' AS DateTime))
INSERT [dbo].[LOGS_EVENTS] ([QUE], [CUANDO]) VALUES (N'3 BANDERA: 0- FECHA 1 - FECHA2 - PARAMETROS: Am', CAST(N'2022-06-01T00:46:09.027' AS DateTime))
INSERT [dbo].[LOGS_EVENTS] ([QUE], [CUANDO]) VALUES (N'1000 BANDERA: 0- FECHA 1 - FECHA2 - PARAMETROS: Am', CAST(N'2022-06-01T00:46:09.033' AS DateTime))
INSERT [dbo].[LOGS_EVENTS] ([QUE], [CUANDO]) VALUES (N'3 BANDERA: 0- FECHA 1 - FECHA2 - PARAMETROS: Am', CAST(N'2022-06-01T00:46:09.037' AS DateTime))
INSERT [dbo].[LOGS_EVENTS] ([QUE], [CUANDO]) VALUES (N'1000 BANDERA: 0- FECHA 1 - FECHA2 - PARAMETROS: Am', CAST(N'2022-06-01T01:16:00.643' AS DateTime))
INSERT [dbo].[LOGS_EVENTS] ([QUE], [CUANDO]) VALUES (N'3 BANDERA: 0- FECHA 1 - FECHA2 - PARAMETROS: Am', CAST(N'2022-06-01T01:16:00.643' AS DateTime))
INSERT [dbo].[LOGS_EVENTS] ([QUE], [CUANDO]) VALUES (N'1000 BANDERA: 0- FECHA 1 2022-05-27- FECHA2 2022-06-27- PARAMETROS: Am', CAST(N'2022-06-01T01:16:21.163' AS DateTime))
INSERT [dbo].[LOGS_EVENTS] ([QUE], [CUANDO]) VALUES (N'1 BANDERA: 0- FECHA 1 2022-05-27- FECHA2 2022-06-27- PARAMETROS: Am', CAST(N'2022-06-01T01:16:21.163' AS DateTime))
INSERT [dbo].[LOGS_EVENTS] ([QUE], [CUANDO]) VALUES (N'1000 BANDERA: 0- FECHA 1 2022-06-01- FECHA2 2022-06-01- PARAMETROS: Am', CAST(N'2022-06-01T01:16:48.613' AS DateTime))
INSERT [dbo].[LOGS_EVENTS] ([QUE], [CUANDO]) VALUES (N'1 BANDERA: 0- FECHA 1 2022-06-01- FECHA2 2022-06-01- PARAMETROS: Am', CAST(N'2022-06-01T01:16:48.613' AS DateTime))
INSERT [dbo].[LOGS_EVENTS] ([QUE], [CUANDO]) VALUES (N'1000 BANDERA: 0- FECHA 1 2022-06-01- FECHA2 2022-06-01- PARAMETROS: Am', CAST(N'2022-06-01T01:17:27.780' AS DateTime))
INSERT [dbo].[LOGS_EVENTS] ([QUE], [CUANDO]) VALUES (N'1 BANDERA: 0- FECHA 1 2022-06-01- FECHA2 2022-06-01- PARAMETROS: Am', CAST(N'2022-06-01T01:17:27.780' AS DateTime))
INSERT [dbo].[LOGS_EVENTS] ([QUE], [CUANDO]) VALUES (N'1000 BANDERA: 0- FECHA 1 2022-06-01- FECHA2 2022-06-01- PARAMETROS: Am', CAST(N'2022-06-01T01:18:11.753' AS DateTime))
INSERT [dbo].[LOGS_EVENTS] ([QUE], [CUANDO]) VALUES (N'1 BANDERA: 0- FECHA 1 2022-06-01- FECHA2 2022-06-01- PARAMETROS: Am', CAST(N'2022-06-01T01:18:11.757' AS DateTime))
INSERT [dbo].[LOGS_EVENTS] ([QUE], [CUANDO]) VALUES (N'1000 BANDERA: 0- FECHA 1 - FECHA2 - PARAMETROS: AMA', CAST(N'2022-06-01T01:23:47.020' AS DateTime))
INSERT [dbo].[LOGS_EVENTS] ([QUE], [CUANDO]) VALUES (N'3 BANDERA: 0- FECHA 1 - FECHA2 - PARAMETROS: AMA', CAST(N'2022-06-01T01:23:47.020' AS DateTime))
INSERT [dbo].[LOGS_EVENTS] ([QUE], [CUANDO]) VALUES (N'1000 BANDERA: 0- FECHA 1 - FECHA2 - PARAMETROS: AMA', CAST(N'2022-06-06T22:26:09.337' AS DateTime))
INSERT [dbo].[LOGS_EVENTS] ([QUE], [CUANDO]) VALUES (N'3 BANDERA: 0- FECHA 1 - FECHA2 - PARAMETROS: AMA', CAST(N'2022-06-06T22:26:09.340' AS DateTime))
INSERT [dbo].[LOGS_EVENTS] ([QUE], [CUANDO]) VALUES (N'1000 BANDERA: 0- FECHA 1 - FECHA2 - PARAMETROS: AMA', CAST(N'2022-06-06T22:26:25.920' AS DateTime))
INSERT [dbo].[LOGS_EVENTS] ([QUE], [CUANDO]) VALUES (N'3 BANDERA: 0- FECHA 1 - FECHA2 - PARAMETROS: AMA', CAST(N'2022-06-06T22:26:25.920' AS DateTime))
INSERT [dbo].[LOGS_EVENTS] ([QUE], [CUANDO]) VALUES (N'1000 BANDERA: 0- FECHA 1 - FECHA2 - PARAMETROS: AMA', CAST(N'2022-06-06T22:28:47.493' AS DateTime))
INSERT [dbo].[LOGS_EVENTS] ([QUE], [CUANDO]) VALUES (N'3 BANDERA: 0- FECHA 1 - FECHA2 - PARAMETROS: AMA', CAST(N'2022-06-06T22:28:47.493' AS DateTime))
INSERT [dbo].[LOGS_EVENTS] ([QUE], [CUANDO]) VALUES (N'1000 BANDERA: 0- FECHA 1 - FECHA2 - PARAMETROS: TRANS', CAST(N'2022-06-07T00:59:43.637' AS DateTime))
INSERT [dbo].[LOGS_EVENTS] ([QUE], [CUANDO]) VALUES (N'3 BANDERA: 0- FECHA 1 - FECHA2 - PARAMETROS: TRANS', CAST(N'2022-06-07T00:59:43.640' AS DateTime))
INSERT [dbo].[LOGS_EVENTS] ([QUE], [CUANDO]) VALUES (N'1000 BANDERA: 0- FECHA 1 - FECHA2 - PARAMETROS: 3-Amazon CDMX', CAST(N'2022-06-15T23:39:48.910' AS DateTime))
INSERT [dbo].[LOGS_EVENTS] ([QUE], [CUANDO]) VALUES (N'3 BANDERA: 0- FECHA 1 - FECHA2 - PARAMETROS: 3-Amazon CDMX', CAST(N'2022-06-15T23:39:48.910' AS DateTime))
INSERT [dbo].[LOGS_EVENTS] ([QUE], [CUANDO]) VALUES (N'1000 BANDERA: 1- FECHA 1 - FECHA2 - PARAMETROS: 1-Proveedor Envios', CAST(N'2022-06-15T23:45:51.850' AS DateTime))
INSERT [dbo].[LOGS_EVENTS] ([QUE], [CUANDO]) VALUES (N'1000 BANDERA: 0- FECHA 1 - FECHA2 - PARAMETROS: 14-ENVIOS EXPRESS', CAST(N'2022-06-15T23:56:14.387' AS DateTime))
INSERT [dbo].[LOGS_EVENTS] ([QUE], [CUANDO]) VALUES (N'3 BANDERA: 0- FECHA 1 - FECHA2 - PARAMETROS: 14-ENVIOS EXPRESS', CAST(N'2022-06-15T23:56:14.387' AS DateTime))
INSERT [dbo].[LOGS_EVENTS] ([QUE], [CUANDO]) VALUES (N'10000- FECHA 1 2022-05-30- FECHA2 2022-06-02- PARAMETROS', CAST(N'2022-05-31T00:09:45.230' AS DateTime))
INSERT [dbo].[LOGS_EVENTS] ([QUE], [CUANDO]) VALUES (N'1000 BANDERA: 0- FECHA 1 2022-05-30- FECHA2 2022-06-02- PARAMETROS', CAST(N'2022-05-31T00:11:07.263' AS DateTime))
INSERT [dbo].[LOGS_EVENTS] ([QUE], [CUANDO]) VALUES (N'1000 BANDERA: 0- FECHA 1 2022-05-30- FECHA2 2022-06-02- PARAMETROS', CAST(N'2022-05-31T00:12:47.927' AS DateTime))
INSERT [dbo].[LOGS_EVENTS] ([QUE], [CUANDO]) VALUES (N'2', CAST(N'2022-05-31T00:12:47.927' AS DateTime))
INSERT [dbo].[LOGS_EVENTS] ([QUE], [CUANDO]) VALUES (N'1000 BANDERA: 0- FECHA 1 2022-05-30- FECHA2 2022-06-02- PARAMETROS', CAST(N'2022-05-31T00:16:40.870' AS DateTime))
INSERT [dbo].[LOGS_EVENTS] ([QUE], [CUANDO]) VALUES (N'2', CAST(N'2022-05-31T00:16:40.873' AS DateTime))
INSERT [dbo].[LOGS_EVENTS] ([QUE], [CUANDO]) VALUES (N'1000 BANDERA: 0- FECHA 1 2022-05-31- FECHA2 2022-06-02- PARAMETROS', CAST(N'2022-05-31T23:49:52.530' AS DateTime))
INSERT [dbo].[LOGS_EVENTS] ([QUE], [CUANDO]) VALUES (N'2', CAST(N'2022-05-31T23:49:52.530' AS DateTime))
INSERT [dbo].[LOGS_EVENTS] ([QUE], [CUANDO]) VALUES (N'1000 BANDERA: 0- FECHA 1 - FECHA2 - PARAMETROSAMA', CAST(N'2022-05-31T23:50:07.453' AS DateTime))
INSERT [dbo].[LOGS_EVENTS] ([QUE], [CUANDO]) VALUES (N'3', CAST(N'2022-05-31T23:50:07.457' AS DateTime))
INSERT [dbo].[LOGS_EVENTS] ([QUE], [CUANDO]) VALUES (N'1000 BANDERA: 0- FECHA 1 - FECHA2 - PARAMETROS: AMA', CAST(N'2022-05-31T23:51:37.037' AS DateTime))
INSERT [dbo].[LOGS_EVENTS] ([QUE], [CUANDO]) VALUES (N'3 BANDERA: 0- FECHA 1 - FECHA2 - PARAMETROS: AMA', CAST(N'2022-05-31T23:51:37.037' AS DateTime))
INSERT [dbo].[LOGS_EVENTS] ([QUE], [CUANDO]) VALUES (N'1000 BANDERA: 0- FECHA 1 - FECHA2 - PARAMETROS: AMA', CAST(N'2022-05-31T23:52:56.083' AS DateTime))
INSERT [dbo].[LOGS_EVENTS] ([QUE], [CUANDO]) VALUES (N'3 BANDERA: 0- FECHA 1 - FECHA2 - PARAMETROS: AMA', CAST(N'2022-05-31T23:52:56.083' AS DateTime))
INSERT [dbo].[LOGS_EVENTS] ([QUE], [CUANDO]) VALUES (N'1000 BANDERA: 0- FECHA 1 - FECHA2 - PARAMETROS: AMA', CAST(N'2022-05-31T23:53:23.623' AS DateTime))
INSERT [dbo].[LOGS_EVENTS] ([QUE], [CUANDO]) VALUES (N'3 BANDERA: 0- FECHA 1 - FECHA2 - PARAMETROS: AMA', CAST(N'2022-05-31T23:53:23.623' AS DateTime))
INSERT [dbo].[LOGS_EVENTS] ([QUE], [CUANDO]) VALUES (N'1000 BANDERA: 0- FECHA 1 - FECHA2 - PARAMETROS: AMA', CAST(N'2022-05-31T23:55:51.453' AS DateTime))
INSERT [dbo].[LOGS_EVENTS] ([QUE], [CUANDO]) VALUES (N'3 BANDERA: 0- FECHA 1 - FECHA2 - PARAMETROS: AMA', CAST(N'2022-05-31T23:55:51.453' AS DateTime))
INSERT [dbo].[LOGS_EVENTS] ([QUE], [CUANDO]) VALUES (N'1000 BANDERA: 0- FECHA 1 - FECHA2 - PARAMETROS: AMA', CAST(N'2022-05-31T23:55:53.567' AS DateTime))
INSERT [dbo].[LOGS_EVENTS] ([QUE], [CUANDO]) VALUES (N'3 BANDERA: 0- FECHA 1 - FECHA2 - PARAMETROS: AMA', CAST(N'2022-05-31T23:55:53.567' AS DateTime))
INSERT [dbo].[LOGS_EVENTS] ([QUE], [CUANDO]) VALUES (N'1000 BANDERA: 0- FECHA 1 - FECHA2 - PARAMETROS: AMA', CAST(N'2022-06-01T00:30:51.993' AS DateTime))
INSERT [dbo].[LOGS_EVENTS] ([QUE], [CUANDO]) VALUES (N'3 BANDERA: 0- FECHA 1 - FECHA2 - PARAMETROS: AMA', CAST(N'2022-06-01T00:30:52.013' AS DateTime))
INSERT [dbo].[LOGS_EVENTS] ([QUE], [CUANDO]) VALUES (N'1000 BANDERA: 0- FECHA 1 - FECHA2 - PARAMETROS: AMA', CAST(N'2022-06-01T00:30:52.037' AS DateTime))
INSERT [dbo].[LOGS_EVENTS] ([QUE], [CUANDO]) VALUES (N'3 BANDERA: 0- FECHA 1 - FECHA2 - PARAMETROS: AMA', CAST(N'2022-06-01T00:30:52.037' AS DateTime))
INSERT [dbo].[LOGS_EVENTS] ([QUE], [CUANDO]) VALUES (N'1000 BANDERA: 0- FECHA 1 - FECHA2 - PARAMETROS: AMA', CAST(N'2022-06-01T00:33:23.287' AS DateTime))
INSERT [dbo].[LOGS_EVENTS] ([QUE], [CUANDO]) VALUES (N'3 BANDERA: 0- FECHA 1 - FECHA2 - PARAMETROS: AMA', CAST(N'2022-06-01T00:33:23.287' AS DateTime))
INSERT [dbo].[LOGS_EVENTS] ([QUE], [CUANDO]) VALUES (N'1000 BANDERA: 0- FECHA 1 - FECHA2 - PARAMETROS: AMA', CAST(N'2022-06-01T00:33:25.573' AS DateTime))
INSERT [dbo].[LOGS_EVENTS] ([QUE], [CUANDO]) VALUES (N'3 BANDERA: 0- FECHA 1 - FECHA2 - PARAMETROS: AMA', CAST(N'2022-06-01T00:33:25.573' AS DateTime))
INSERT [dbo].[LOGS_EVENTS] ([QUE], [CUANDO]) VALUES (N'1000 BANDERA: 0- FECHA 1 - FECHA2 - PARAMETROS: AMA', CAST(N'2022-06-01T00:34:42.713' AS DateTime))
INSERT [dbo].[LOGS_EVENTS] ([QUE], [CUANDO]) VALUES (N'3 BANDERA: 0- FECHA 1 - FECHA2 - PARAMETROS: AMA', CAST(N'2022-06-01T00:34:42.713' AS DateTime))
INSERT [dbo].[LOGS_EVENTS] ([QUE], [CUANDO]) VALUES (N'1000 BANDERA: 0- FECHA 1 - FECHA2 - PARAMETROS: AMA', CAST(N'2022-06-01T00:34:45.103' AS DateTime))
INSERT [dbo].[LOGS_EVENTS] ([QUE], [CUANDO]) VALUES (N'3 BANDERA: 0- FECHA 1 - FECHA2 - PARAMETROS: AMA', CAST(N'2022-06-01T00:34:45.103' AS DateTime))
INSERT [dbo].[LOGS_EVENTS] ([QUE], [CUANDO]) VALUES (N'1000 BANDERA: 0- FECHA 1 - FECHA2 - PARAMETROS: AMA', CAST(N'2022-06-01T00:39:30.680' AS DateTime))
INSERT [dbo].[LOGS_EVENTS] ([QUE], [CUANDO]) VALUES (N'3 BANDERA: 0- FECHA 1 - FECHA2 - PARAMETROS: AMA', CAST(N'2022-06-01T00:39:30.680' AS DateTime))
INSERT [dbo].[LOGS_EVENTS] ([QUE], [CUANDO]) VALUES (N'1000 BANDERA: 0- FECHA 1 - FECHA2 - PARAMETROS: AMA', CAST(N'2022-06-01T00:39:30.700' AS DateTime))
INSERT [dbo].[LOGS_EVENTS] ([QUE], [CUANDO]) VALUES (N'3 BANDERA: 0- FECHA 1 - FECHA2 - PARAMETROS: AMA', CAST(N'2022-06-01T00:39:30.700' AS DateTime))
INSERT [dbo].[LOGS_EVENTS] ([QUE], [CUANDO]) VALUES (N'1000 BANDERA: 0- FECHA 1 - FECHA2 - PARAMETROS: AMA', CAST(N'2022-06-01T00:40:17.953' AS DateTime))
INSERT [dbo].[LOGS_EVENTS] ([QUE], [CUANDO]) VALUES (N'3 BANDERA: 0- FECHA 1 - FECHA2 - PARAMETROS: AMA', CAST(N'2022-06-01T00:40:17.953' AS DateTime))
INSERT [dbo].[LOGS_EVENTS] ([QUE], [CUANDO]) VALUES (N'3 BANDERA: 0- FECHA 1 - FECHA2 - PARAMETROS: AMA', CAST(N'2022-06-01T00:40:17.957' AS DateTime))
INSERT [dbo].[LOGS_EVENTS] ([QUE], [CUANDO]) VALUES (N'1000 BANDERA: 0- FECHA 1 - FECHA2 - PARAMETROS: AMA', CAST(N'2022-06-01T00:40:38.743' AS DateTime))
INSERT [dbo].[LOGS_EVENTS] ([QUE], [CUANDO]) VALUES (N'3 BANDERA: 0- FECHA 1 - FECHA2 - PARAMETROS: AMA', CAST(N'2022-06-01T00:40:38.743' AS DateTime))
GO
INSERT [dbo].[LOGS_EVENTS] ([QUE], [CUANDO]) VALUES (N'1000 BANDERA: 0- FECHA 1 - FECHA2 - PARAMETROS: AMA', CAST(N'2022-06-01T00:40:38.747' AS DateTime))
INSERT [dbo].[LOGS_EVENTS] ([QUE], [CUANDO]) VALUES (N'3 BANDERA: 0- FECHA 1 - FECHA2 - PARAMETROS: AMA', CAST(N'2022-06-01T00:40:38.747' AS DateTime))
INSERT [dbo].[LOGS_EVENTS] ([QUE], [CUANDO]) VALUES (N'1000 BANDERA: 0- FECHA 1 - FECHA2 - PARAMETROS: AMA', CAST(N'2022-06-01T00:43:40.333' AS DateTime))
INSERT [dbo].[LOGS_EVENTS] ([QUE], [CUANDO]) VALUES (N'3 BANDERA: 0- FECHA 1 - FECHA2 - PARAMETROS: AMA', CAST(N'2022-06-01T00:43:40.333' AS DateTime))
INSERT [dbo].[LOGS_EVENTS] ([QUE], [CUANDO]) VALUES (N'1000 BANDERA: 0- FECHA 1 - FECHA2 - PARAMETROS: AMA', CAST(N'2022-06-01T00:43:40.367' AS DateTime))
INSERT [dbo].[LOGS_EVENTS] ([QUE], [CUANDO]) VALUES (N'3 BANDERA: 0- FECHA 1 - FECHA2 - PARAMETROS: AMA', CAST(N'2022-06-01T00:43:40.367' AS DateTime))
INSERT [dbo].[LOGS_EVENTS] ([QUE], [CUANDO]) VALUES (N'1000 BANDERA: 0- FECHA 1 - FECHA2 - PARAMETROS: AMA', CAST(N'2022-06-01T00:45:19.790' AS DateTime))
INSERT [dbo].[LOGS_EVENTS] ([QUE], [CUANDO]) VALUES (N'3 BANDERA: 0- FECHA 1 - FECHA2 - PARAMETROS: AMA', CAST(N'2022-06-01T00:45:19.790' AS DateTime))
INSERT [dbo].[LOGS_EVENTS] ([QUE], [CUANDO]) VALUES (N'1000 BANDERA: 0- FECHA 1 - FECHA2 - PARAMETROS: AMA', CAST(N'2022-06-01T00:45:19.823' AS DateTime))
INSERT [dbo].[LOGS_EVENTS] ([QUE], [CUANDO]) VALUES (N'3 BANDERA: 0- FECHA 1 - FECHA2 - PARAMETROS: AMA', CAST(N'2022-06-01T00:45:19.823' AS DateTime))
INSERT [dbo].[LOGS_EVENTS] ([QUE], [CUANDO]) VALUES (N'1000 BANDERA: 0- FECHA 1 2022-06-01- FECHA2 2022-06-01- PARAMETROS: Am', CAST(N'2022-06-01T00:47:15.623' AS DateTime))
INSERT [dbo].[LOGS_EVENTS] ([QUE], [CUANDO]) VALUES (N'1 BANDERA: 0- FECHA 1 2022-06-01- FECHA2 2022-06-01- PARAMETROS: Am', CAST(N'2022-06-01T00:47:15.623' AS DateTime))
INSERT [dbo].[LOGS_EVENTS] ([QUE], [CUANDO]) VALUES (N'1000 BANDERA: 0- FECHA 1 2022-06-01- FECHA2 2022-06-01- PARAMETROS: Am', CAST(N'2022-06-01T00:47:15.627' AS DateTime))
INSERT [dbo].[LOGS_EVENTS] ([QUE], [CUANDO]) VALUES (N'1 BANDERA: 0- FECHA 1 2022-06-01- FECHA2 2022-06-01- PARAMETROS: Am', CAST(N'2022-06-01T00:47:15.627' AS DateTime))
INSERT [dbo].[LOGS_EVENTS] ([QUE], [CUANDO]) VALUES (N'1000 BANDERA: 0- FECHA 1 - FECHA2 - PARAMETROS: AMA', CAST(N'2022-06-06T22:26:47.053' AS DateTime))
INSERT [dbo].[LOGS_EVENTS] ([QUE], [CUANDO]) VALUES (N'3 BANDERA: 0- FECHA 1 - FECHA2 - PARAMETROS: AMA', CAST(N'2022-06-06T22:26:47.053' AS DateTime))
INSERT [dbo].[LOGS_EVENTS] ([QUE], [CUANDO]) VALUES (N'1000 BANDERA: 0- FECHA 1 - FECHA2 - PARAMETROS: 5-ENVIOS EXPRESS', CAST(N'2022-06-15T23:30:18.493' AS DateTime))
INSERT [dbo].[LOGS_EVENTS] ([QUE], [CUANDO]) VALUES (N'3 BANDERA: 0- FECHA 1 - FECHA2 - PARAMETROS: 5-ENVIOS EXPRESS', CAST(N'2022-06-15T23:30:18.493' AS DateTime))
INSERT [dbo].[LOGS_EVENTS] ([QUE], [CUANDO]) VALUES (N'1000 BANDERA: 0- FECHA 1 - FECHA2 - PARAMETROS: 11-Amazon CDMX', CAST(N'2022-06-15T23:50:43.593' AS DateTime))
INSERT [dbo].[LOGS_EVENTS] ([QUE], [CUANDO]) VALUES (N'3 BANDERA: 0- FECHA 1 - FECHA2 - PARAMETROS: 11-Amazon CDMX', CAST(N'2022-06-15T23:50:43.593' AS DateTime))
GO
SET IDENTITY_INSERT [dbo].[PAGO_PROVEEDORES] ON 

INSERT [dbo].[PAGO_PROVEEDORES] ([DOCNUM], [PROVEEDOR], [DTE_REGISTRO], [DTE_PAGO], [ESTADO_CTA], [DEPOSITO_CTA], [CONCEPTO_A_PAGAR], [TIPO_MONEDA], [IMPORTE], [IVA], [RETENCION], [TOTAL], [BANCO_RECEPTOR], [NUM_CTA], [PAGADO], [URL_DOCUMENTO], [VERIFICADOR], [TARIFA], [CANCELADO], [BK_PROV], [BK_USR]) VALUES (1, N'IdProv1', CAST(N'2021-12-14' AS Date), CAST(N'2021-12-14' AS Date), NULL, NULL, N'100', N'Pesos', 2500, 450, 450, 3400, NULL, NULL, NULL, NULL, 3, NULL, 0, N'IdProv1', N'3')
INSERT [dbo].[PAGO_PROVEEDORES] ([DOCNUM], [PROVEEDOR], [DTE_REGISTRO], [DTE_PAGO], [ESTADO_CTA], [DEPOSITO_CTA], [CONCEPTO_A_PAGAR], [TIPO_MONEDA], [IMPORTE], [IVA], [RETENCION], [TOTAL], [BANCO_RECEPTOR], [NUM_CTA], [PAGADO], [URL_DOCUMENTO], [VERIFICADOR], [TARIFA], [CANCELADO], [BK_PROV], [BK_USR]) VALUES (2, N'IdProveedor21', CAST(N'2021-12-21' AS Date), CAST(N'2021-12-21' AS Date), NULL, NULL, N'0', N'MXN', 9500, 380, 1520, 11400, N'BBVA', N'2589631470', NULL, NULL, 1002, NULL, 0, N'IdProveedor21', N'1002')
INSERT [dbo].[PAGO_PROVEEDORES] ([DOCNUM], [PROVEEDOR], [DTE_REGISTRO], [DTE_PAGO], [ESTADO_CTA], [DEPOSITO_CTA], [CONCEPTO_A_PAGAR], [TIPO_MONEDA], [IMPORTE], [IVA], [RETENCION], [TOTAL], [BANCO_RECEPTOR], [NUM_CTA], [PAGADO], [URL_DOCUMENTO], [VERIFICADOR], [TARIFA], [CANCELADO], [BK_PROV], [BK_USR]) VALUES (3, N'IdProveedor21', CAST(N'2021-12-21' AS Date), CAST(N'2021-12-14' AS Date), NULL, NULL, N'0', N'DLS', 2000, 80, 320, 2400, N'SANTANDER', N'1478523690', NULL, NULL, 3, NULL, 0, N'IdProveedor21', N'3')
INSERT [dbo].[PAGO_PROVEEDORES] ([DOCNUM], [PROVEEDOR], [DTE_REGISTRO], [DTE_PAGO], [ESTADO_CTA], [DEPOSITO_CTA], [CONCEPTO_A_PAGAR], [TIPO_MONEDA], [IMPORTE], [IVA], [RETENCION], [TOTAL], [BANCO_RECEPTOR], [NUM_CTA], [PAGADO], [URL_DOCUMENTO], [VERIFICADOR], [TARIFA], [CANCELADO], [BK_PROV], [BK_USR]) VALUES (4, N'IdProveedor21', CAST(N'2021-12-24' AS Date), CAST(N'2021-12-23' AS Date), NULL, NULL, N'Concepto a pagar de prueba', N'MXN', 9500, 380, 1520, 11400, N'AZTECA', N'1478523690', NULL, NULL, 2, NULL, 0, N'IdProveedor21', N'2')
INSERT [dbo].[PAGO_PROVEEDORES] ([DOCNUM], [PROVEEDOR], [DTE_REGISTRO], [DTE_PAGO], [ESTADO_CTA], [DEPOSITO_CTA], [CONCEPTO_A_PAGAR], [TIPO_MONEDA], [IMPORTE], [IVA], [RETENCION], [TOTAL], [BANCO_RECEPTOR], [NUM_CTA], [PAGADO], [URL_DOCUMENTO], [VERIFICADOR], [TARIFA], [CANCELADO], [BK_PROV], [BK_USR]) VALUES (5, N'IdProveedor21', CAST(N'2021-12-24' AS Date), CAST(N'2021-12-24' AS Date), NULL, NULL, N'Prueba dolares', N'DLS', 3500, 0, 0, 3500, N'CITIBANAMEX', N'1478523690', NULL, NULL, 1005, NULL, 0, N'IdProveedor21', N'1005')
INSERT [dbo].[PAGO_PROVEEDORES] ([DOCNUM], [PROVEEDOR], [DTE_REGISTRO], [DTE_PAGO], [ESTADO_CTA], [DEPOSITO_CTA], [CONCEPTO_A_PAGAR], [TIPO_MONEDA], [IMPORTE], [IVA], [RETENCION], [TOTAL], [BANCO_RECEPTOR], [NUM_CTA], [PAGADO], [URL_DOCUMENTO], [VERIFICADOR], [TARIFA], [CANCELADO], [BK_PROV], [BK_USR]) VALUES (6, N'IdProveedorNew', CAST(N'2021-12-24' AS Date), CAST(N'2021-12-24' AS Date), NULL, NULL, N'Concepto a pagar de prueba', N'DLS', 2800, 0, 0, 2800, N'SANTANDER', N'5213459876', NULL, NULL, 1007, NULL, 0, N'IdProveedorNew', N'1007')
INSERT [dbo].[PAGO_PROVEEDORES] ([DOCNUM], [PROVEEDOR], [DTE_REGISTRO], [DTE_PAGO], [ESTADO_CTA], [DEPOSITO_CTA], [CONCEPTO_A_PAGAR], [TIPO_MONEDA], [IMPORTE], [IVA], [RETENCION], [TOTAL], [BANCO_RECEPTOR], [NUM_CTA], [PAGADO], [URL_DOCUMENTO], [VERIFICADOR], [TARIFA], [CANCELADO], [BK_PROV], [BK_USR]) VALUES (7, N'IdProv1', CAST(N'2021-12-25' AS Date), CAST(N'2021-08-02' AS Date), NULL, NULL, N'flete', N'MXN', 5000, 200, 800, 6000, N'BBVA', N'2031695748', NULL, NULL, 2, NULL, 0, N'IdProv1', N'2')
INSERT [dbo].[PAGO_PROVEEDORES] ([DOCNUM], [PROVEEDOR], [DTE_REGISTRO], [DTE_PAGO], [ESTADO_CTA], [DEPOSITO_CTA], [CONCEPTO_A_PAGAR], [TIPO_MONEDA], [IMPORTE], [IVA], [RETENCION], [TOTAL], [BANCO_RECEPTOR], [NUM_CTA], [PAGADO], [URL_DOCUMENTO], [VERIFICADOR], [TARIFA], [CANCELADO], [BK_PROV], [BK_USR]) VALUES (8, N'IdProv1', CAST(N'2022-01-12' AS Date), CAST(N'2022-01-13' AS Date), NULL, NULL, N'ENVIO DE PRODUCTOS', N'MXN', 8500, 340, 1360, 10200, N'SANTANDER', N'1502050997120', NULL, NULL, 3, NULL, 0, N'IdProv1', N'3')
INSERT [dbo].[PAGO_PROVEEDORES] ([DOCNUM], [PROVEEDOR], [DTE_REGISTRO], [DTE_PAGO], [ESTADO_CTA], [DEPOSITO_CTA], [CONCEPTO_A_PAGAR], [TIPO_MONEDA], [IMPORTE], [IVA], [RETENCION], [TOTAL], [BANCO_RECEPTOR], [NUM_CTA], [PAGADO], [URL_DOCUMENTO], [VERIFICADOR], [TARIFA], [CANCELADO], [BK_PROV], [BK_USR]) VALUES (9, NULL, CAST(N'2022-06-10' AS Date), NULL, NULL, NULL, NULL, NULL, 0, 0, 0, 0, NULL, NULL, NULL, NULL, NULL, NULL, 0, NULL, NULL)
SET IDENTITY_INSERT [dbo].[PAGO_PROVEEDORES] OFF
GO
SET IDENTITY_INSERT [dbo].[PERFILES] ON 

INSERT [dbo].[PERFILES] ([ID_PERFIL], [PERFIL_NAME], [PERMISO_CONFIGURACION], [PERMISO_COBRO_CLIENTE], [PERMISO_COBRO_PROVEEDOR], [PERMISO_FACTURAS], [PERMISO_CARTAS], [PERMISO_TARIFAS]) VALUES (1, N'Directora', 1, 1, 1, 1, 1, 1)
INSERT [dbo].[PERFILES] ([ID_PERFIL], [PERFIL_NAME], [PERMISO_CONFIGURACION], [PERMISO_COBRO_CLIENTE], [PERMISO_COBRO_PROVEEDOR], [PERMISO_FACTURAS], [PERMISO_CARTAS], [PERMISO_TARIFAS]) VALUES (2, N'Gerente administrativo', 1, 1, 1, 0, 0, 1)
INSERT [dbo].[PERFILES] ([ID_PERFIL], [PERFIL_NAME], [PERMISO_CONFIGURACION], [PERMISO_COBRO_CLIENTE], [PERMISO_COBRO_PROVEEDOR], [PERMISO_FACTURAS], [PERMISO_CARTAS], [PERMISO_TARIFAS]) VALUES (3, N'Gerente de finanzas', 1, 1, 1, 1, 0, 1)
INSERT [dbo].[PERFILES] ([ID_PERFIL], [PERFIL_NAME], [PERMISO_CONFIGURACION], [PERMISO_COBRO_CLIENTE], [PERMISO_COBRO_PROVEEDOR], [PERMISO_FACTURAS], [PERMISO_CARTAS], [PERMISO_TARIFAS]) VALUES (4, N'Auxiliar de control', 0, 1, 1, 0, 1, 1)
INSERT [dbo].[PERFILES] ([ID_PERFIL], [PERFIL_NAME], [PERMISO_CONFIGURACION], [PERMISO_COBRO_CLIENTE], [PERMISO_COBRO_PROVEEDOR], [PERMISO_FACTURAS], [PERMISO_CARTAS], [PERMISO_TARIFAS]) VALUES (5, N'Supervisor de control de trafico', 0, 0, 0, 0, 1, 0)
SET IDENTITY_INSERT [dbo].[PERFILES] OFF
GO
SET IDENTITY_INSERT [dbo].[USUARIOS] ON 

INSERT [dbo].[USUARIOS] ([ID_USUARIO], [NOMBRE_EMPLEADO], [USERNAME], [USEREMAIL], [PERFIL], [KEY_DRIVE], [PASS]) VALUES (2, N'Rosa', N'Rosa.Directora', N'Rosa.Cair@gmail.com', 1, NULL, N'Rosa123')
INSERT [dbo].[USUARIOS] ([ID_USUARIO], [NOMBRE_EMPLEADO], [USERNAME], [USEREMAIL], [PERFIL], [KEY_DRIVE], [PASS]) VALUES (3, N'Zulema', N'Zule', N'Zule.cair@gmail.com', 4, NULL, N'Rosa123')
INSERT [dbo].[USUARIOS] ([ID_USUARIO], [NOMBRE_EMPLEADO], [USERNAME], [USEREMAIL], [PERFIL], [KEY_DRIVE], [PASS]) VALUES (1002, N'Nicolle Chavez', N'UsrNicolle1', N'Nicolle.cair@gmial.com', 4, NULL, N'Hola123+')
INSERT [dbo].[USUARIOS] ([ID_USUARIO], [NOMBRE_EMPLEADO], [USERNAME], [USEREMAIL], [PERFIL], [KEY_DRIVE], [PASS]) VALUES (1005, N'Dayana López', N'DayanUser', N'Dayana.cair@gmail.com', 5, NULL, N'Hola123')
INSERT [dbo].[USUARIOS] ([ID_USUARIO], [NOMBRE_EMPLEADO], [USERNAME], [USEREMAIL], [PERFIL], [KEY_DRIVE], [PASS]) VALUES (1007, N'UsrA', N'Usuario A', N'Usuario.A@gmail.com', 2, NULL, N'Hola123+')
INSERT [dbo].[USUARIOS] ([ID_USUARIO], [NOMBRE_EMPLEADO], [USERNAME], [USEREMAIL], [PERFIL], [KEY_DRIVE], [PASS]) VALUES (1015, N'Kevin', N'KDev', N'kev81.gtz@gmail.com', 3, NULL, N'Hola123+')
SET IDENTITY_INSERT [dbo].[USUARIOS] OFF
GO
ALTER TABLE [dbo].[CAT_CARTAS_INSTRUCCION] ADD  DEFAULT (CONVERT([date],getdate())) FOR [CAT_CI_DTE_CARTA]
GO
ALTER TABLE [dbo].[COBRO_CLIENTES] ADD  CONSTRAINT [DF_COBRO_CLIENTES_DTE_REGISTRO]  DEFAULT (getdate()) FOR [DTE_REGISTRO]
GO
ALTER TABLE [dbo].[COBRO_CLIENTES] ADD  CONSTRAINT [DF_COBRO_CLIENTES_CANCELADO]  DEFAULT ((0)) FOR [CANCELADO]
GO
ALTER TABLE [dbo].[FACTURAS_CLIENTES] ADD  CONSTRAINT [DF__FACTURAS___FC_ID__671F4F74]  DEFAULT (concat('FCP',replace(replace(replace(CONVERT([varchar](100),format(getdate(),'dd/MM/yy hh:mm:ssss')),'/',''),' ',''),':',''),substring(CONVERT([varchar](50),newid()),(1),(4)))) FOR [FC_ID_REGISTRO]
GO
ALTER TABLE [dbo].[FACTURAS_CLIENTES] ADD  CONSTRAINT [DF__FACTURAS___FC_FE__681373AD]  DEFAULT (getdate()) FOR [FC_FECHA_CREACION]
GO
ALTER TABLE [dbo].[FACTURAS_PROVEEDORES] ADD  CONSTRAINT [DF__FACTURAS___FP_ID__625A9A57]  DEFAULT (concat('FP',replace(replace(replace(CONVERT([varchar](100),format(getdate(),'dd/MM/yy hh:mm:ssss')),'/',''),' ',''),':',''),substring(CONVERT([varchar](50),newid()),(1),(9)))) FOR [FP_ID_REGISTRO]
GO
ALTER TABLE [dbo].[FACTURAS_PROVEEDORES] ADD  CONSTRAINT [DF__FACTURAS___FP_FE__634EBE90]  DEFAULT (getdate()) FOR [FP_FECHA_CREACION]
GO
ALTER TABLE [dbo].[LOGS_EVENTS] ADD  DEFAULT (getdate()) FOR [CUANDO]
GO
ALTER TABLE [dbo].[PAGO_PROVEEDORES] ADD  CONSTRAINT [DF_PAGO_PROVEEDORES_CANCELADO]  DEFAULT ((0)) FOR [CANCELADO]
GO
ALTER TABLE [dbo].[CAT_CARTAS_INSTRUCCION]  WITH CHECK ADD  CONSTRAINT [FK_CLIE_CARTA] FOREIGN KEY([CAT_CI_CLIENTE])
REFERENCES [dbo].[CAT_CLIENTES] ([CardCode])
GO
ALTER TABLE [dbo].[CAT_CARTAS_INSTRUCCION] CHECK CONSTRAINT [FK_CLIE_CARTA]
GO
ALTER TABLE [dbo].[CAT_CARTAS_INSTRUCCION]  WITH CHECK ADD  CONSTRAINT [FK_PROV_CARTA] FOREIGN KEY([CAT_CI_PROVEEDOR])
REFERENCES [dbo].[CAT_PROVEEDORES] ([CardCode])
GO
ALTER TABLE [dbo].[CAT_CARTAS_INSTRUCCION] CHECK CONSTRAINT [FK_PROV_CARTA]
GO
ALTER TABLE [dbo].[COBRO_CLIENTES]  WITH CHECK ADD  CONSTRAINT [FK_CCLIE] FOREIGN KEY([CLIENTE])
REFERENCES [dbo].[CAT_CLIENTES] ([CardCode])
ON UPDATE CASCADE
ON DELETE SET DEFAULT
GO
ALTER TABLE [dbo].[COBRO_CLIENTES] CHECK CONSTRAINT [FK_CCLIE]
GO
ALTER TABLE [dbo].[COBRO_CLIENTES]  WITH CHECK ADD  CONSTRAINT [FK_VERIFCLIE] FOREIGN KEY([VERIFICADOR])
REFERENCES [dbo].[USUARIOS] ([ID_USUARIO])
ON UPDATE CASCADE
ON DELETE SET DEFAULT
GO
ALTER TABLE [dbo].[COBRO_CLIENTES] CHECK CONSTRAINT [FK_VERIFCLIE]
GO
ALTER TABLE [dbo].[FACTURAS_CLIENTES]  WITH NOCHECK ADD  CONSTRAINT [FK_IDCLIE1] FOREIGN KEY([FC_IDCLIE])
REFERENCES [dbo].[CAT_CLIENTES] ([CardCode])
GO
ALTER TABLE [dbo].[FACTURAS_CLIENTES] CHECK CONSTRAINT [FK_IDCLIE1]
GO
ALTER TABLE [dbo].[FACTURAS_PROVEEDORES]  WITH NOCHECK ADD  CONSTRAINT [FK_ID] FOREIGN KEY([FP_IDPROV])
REFERENCES [dbo].[CAT_PROVEEDORES] ([CardCode])
GO
ALTER TABLE [dbo].[FACTURAS_PROVEEDORES] CHECK CONSTRAINT [FK_ID]
GO
ALTER TABLE [dbo].[PAGO_PROVEEDORES]  WITH CHECK ADD  CONSTRAINT [FK_PV1] FOREIGN KEY([PROVEEDOR])
REFERENCES [dbo].[CAT_PROVEEDORES] ([CardCode])
ON UPDATE CASCADE
ON DELETE SET NULL
GO
ALTER TABLE [dbo].[PAGO_PROVEEDORES] CHECK CONSTRAINT [FK_PV1]
GO
ALTER TABLE [dbo].[PAGO_PROVEEDORES]  WITH CHECK ADD  CONSTRAINT [FK_TF] FOREIGN KEY([TARIFA])
REFERENCES [dbo].[TARIFAS] ([ID_TARIFA])
GO
ALTER TABLE [dbo].[PAGO_PROVEEDORES] CHECK CONSTRAINT [FK_TF]
GO
ALTER TABLE [dbo].[PAGO_PROVEEDORES]  WITH CHECK ADD  CONSTRAINT [FK_VERIF] FOREIGN KEY([VERIFICADOR])
REFERENCES [dbo].[USUARIOS] ([ID_USUARIO])
ON UPDATE CASCADE
ON DELETE SET DEFAULT
GO
ALTER TABLE [dbo].[PAGO_PROVEEDORES] CHECK CONSTRAINT [FK_VERIF]
GO
ALTER TABLE [dbo].[USUARIOS]  WITH CHECK ADD  CONSTRAINT [FK_USERS] FOREIGN KEY([PERFIL])
REFERENCES [dbo].[PERFILES] ([ID_PERFIL])
GO
ALTER TABLE [dbo].[USUARIOS] CHECK CONSTRAINT [FK_USERS]
GO
/****** Object:  StoredProcedure [dbo].[SP_ACTUALIZA_BK]    Script Date: 28/03/2023 04:01:00 p. m. ******/
SET ANSI_NULLS ON
GO
SET QUOTED_IDENTIFIER ON
GO
CREATE PROCEDURE [dbo].[SP_ACTUALIZA_BK]
AS
BEGIN
	BEGIN TRY
		UPDATE COBRO_CLIENTES SET BK_CLIE=CLIENTE, BK_USR=VERIFICADOR WHERE BK_CLIE IS NULL OR BK_USR IS NULL
		UPDATE PAGO_PROVEEDORES SET BK_PROV=PROVEEDOR , BK_USR=VERIFICADOR WHERE BK_PROV IS NULL OR BK_USR IS NULL
	END TRY
	BEGIN CATCH

	END CATCH
END
GO
/****** Object:  StoredProcedure [dbo].[SP_ACTUALIZA_ESTATUS_FACTURAS]    Script Date: 28/03/2023 04:01:00 p. m. ******/
SET ANSI_NULLS ON
GO
SET QUOTED_IDENTIFIER ON
GO
CREATE PROCEDURE [dbo].[SP_ACTUALIZA_ESTATUS_FACTURAS]
@BANDERA AS INT,
@TIPO_FACTURA AS VARCHAR(10)=NULL,
@ID_FACTURA AS INT=NULL,
@MONTO AS FLOAT=NULL,
@SC AS VARCHAR(50)=NULL,
@ESTATUS AS VARCHAR(50)=NULL,
@FECHA AS DATE=NULL
AS
BEGIN
	BEGIN TRY
		IF @BANDERA=0 BEGIN
		UPDATE FACTURAS_CLIENTES SET FC_ESTATUS='V' WHERE FORMAT(FC_FECHA_VENCIMIENTO,'dd/MM/yyyy')<FORMAT(GETDATE(),'dd/MM/yyyy') AND FC_ESTATUS<>'SI'
		--UPDATE FACTURAS_CLIENTES SET FC_ESTATUS='SI' WHERE FC_FECHA_PAGO IS NOT NULL AND FC_ESTATUS='V'
		UPDATE FACTURAS_PROVEEDORES SET FP_ESTATUS='V' WHERE FORMAT(FP_FECHA_VENCIMIENTO,'dd/MM/yyyy')<FORMAT(GETDATE(),'dd/MM/yyyy') AND FP_ESTATUS<>'SI'
		SELECT 'OK' OK
	END
	IF @BANDERA=1 BEGIN
		IF @TIPO_FACTURA='C' BEGIN
			UPDATE FACTURAS_CLIENTES SET FC_ESTATUS=@ESTATUS WHERE FC_NUM_FACT_CAIR=@ID_FACTURA AND (FC_IDCLIE=@SC OR FC_IDCLIE=(SELECT CardCode FROM CAT_CLIENTES WHERE CardName=@SC)) AND FC_COSTO_TOTAL=@MONTO
			IF @ESTATUS='SI' BEGIN
				UPDATE FACTURAS_CLIENTES SET FC_FECHA_PAGO=@FECHA WHERE FC_NUM_FACT_CAIR=@ID_FACTURA AND (FC_IDCLIE=@SC OR FC_IDCLIE=(SELECT CardCode FROM CAT_CLIENTES WHERE CardName=@SC)) AND FC_COSTO_TOTAL=@MONTO
			END
			SELECT 'OK' OK,* FROM FACTURAS_CLIENTES WHERE FC_NUM_FACT_CAIR=@ID_FACTURA AND (FC_IDCLIE=@SC OR FC_IDCLIE=(SELECT CardCode FROM CAT_CLIENTES WHERE CardName=@SC)) AND FC_COSTO_TOTAL=@MONTO
			--SELECT 'OK' OK
		END
		ELSE IF @TIPO_FACTURA='P' BEGIN
			UPDATE FACTURAS_PROVEEDORES SET FP_ESTATUS=@ESTATUS WHERE FP_NUM_FACT_CAIR=@ID_FACTURA AND (FP_IDPROV=@SC OR FP_IDPROV=(SELECT CardCode FROM CAT_PROVEEDORES WHERE CardName=@SC)) AND FP_COSTO_TOTAL=@MONTO
			IF @ESTATUS='SI' BEGIN
				UPDATE FACTURAS_PROVEEDORES SET FP_FECHA_PAGO=@FECHA WHERE FP_NUM_FACT_CAIR=@ID_FACTURA AND (FP_IDPROV=@SC OR FP_IDPROV=(SELECT CardCode FROM CAT_PROVEEDORES WHERE CardName=@SC)) AND FP_COSTO_TOTAL=@MONTO
			END
			SELECT 'OK' OK, * FROM FACTURAS_PROVEEDORES WHERE FP_NUM_FACT_CAIR=@ID_FACTURA AND (FP_IDPROV=@SC OR FP_IDPROV=(SELECT CardCode FROM CAT_PROVEEDORES WHERE CardName=@SC)) AND FP_COSTO_TOTAL=@MONTO
		END
	END
	END TRY
	BEGIN CATCH
		SELECT CONCAT('ERROR PROCESO: ', ERROR_MESSAGE())
	END CATCH
	
END
GO
/****** Object:  StoredProcedure [dbo].[SP_BUSCA_FACTURAS]    Script Date: 28/03/2023 04:01:00 p. m. ******/
SET ANSI_NULLS ON
GO
SET QUOTED_IDENTIFIER ON
GO
CREATE PROC [dbo].[SP_BUSCA_FACTURAS]
@BANDERA AS INT=NULL,
@FECHA1 AS DATE=NULL,
@FECHA2 AS DATE=NULL,
@PARAMETRO AS VARCHAR(50)=NULL
AS
BEGIN
	BEGIN TRY
	INSERT INTO LOGS_EVENTS(QUE)VALUES(CONCAT('1000 BANDERA: ', @BANDERA, '- FECHA 1 ',@FECHA1,'- FECHA2 ',@FECHA2,'- PARAMETROS: ',@PARAMETRO))
		IF @BANDERA=0 BEGIN
			IF ISNULL(@PARAMETRO,'')<>'' AND ISNULL(@FECHA1,'')<>'' AND ISNULL(@FECHA2,'')<>'' BEGIN
				INSERT INTO LOGS_EVENTS(QUE)VALUES(CONCAT('1 BANDERA: ', @BANDERA, '- FECHA 1 ',@FECHA1,'- FECHA2 ',@FECHA2,'- PARAMETROS: ',@PARAMETRO))
				SELECT NumDoc,Clentes,TipoMoneda,subTotal,Iva,Retencion,MontoTotal,FechaRegistro,FechaInicio,FechaFinal,FechaPago,Estatus,FormaPago
				FROM VI_INFO_FACTURA_CLIENTES WHERE FORMAT(CONVERT(DATE,FechaFinal,103),'dd/MM/yyyy') BETWEEN Format(CONVERT(DATE,@FECHA1,103),'dd/MM/yyyy') AND Format(CONVERT(DATE,@FECHA2,103),'dd/MM/yyy')
				AND Clentes like CONCAT('%',@PARAMETRO,'%')				
			END
			ELSE IF ISNULL(@PARAMETRO,'')='' AND ISNULL(@FECHA1,'')<>'' AND ISNULL(@FECHA2,'')<>'' BEGIN
			INSERT INTO LOGS_EVENTS(QUE)VALUES(CONCAT('2 BANDERA: ', @BANDERA, '- FECHA 1 ',@FECHA1,'- FECHA2 ',@FECHA2,'- PARAMETROS: ',@PARAMETRO))
				SELECT NumDoc,Clentes,TipoMoneda,subTotal,Iva,Retencion,MontoTotal,FechaRegistro,FechaInicio,FechaFinal,FechaPago,Estatus,FormaPago
				FROM VI_INFO_FACTURA_CLIENTES WHERE FORMAT(CONVERT(DATE,FechaFinal,103),'dd/MM/yyyy') BETWEEN Format(CONVERT(DATE,@FECHA1,103),'dd/MM/yyyy') AND Format(CONVERT(DATE,@FECHA2,103),'dd/MM/yyy')				
			END
			ELSE IF ISNULL(@PARAMETRO,'')!='' AND ISNULL(@FECHA1,'')='' AND ISNULL(@FECHA2,'')='' BEGIN
			INSERT INTO LOGS_EVENTS(QUE)VALUES(CONCAT('3 BANDERA: ', @BANDERA, '- FECHA 1 ',@FECHA1,'- FECHA2 ',@FECHA2,'- PARAMETROS: ',@PARAMETRO))
				SELECT NumDoc,Clentes,TipoMoneda,subTotal,Iva,Retencion,MontoTotal,FechaRegistro,FechaInicio,FechaFinal,FechaPago,Estatus,FormaPago 
				FROM VI_INFO_FACTURA_CLIENTES WHERE Clentes like CONCAT('%',@PARAMETRO,'%')	 or CONCAT(CONVERT(VARCHAR(20),NumDoc),'-',Clentes)=@PARAMETRO
			END
			ELSE BEGIN
			INSERT INTO LOGS_EVENTS(QUE)VALUES(CONCAT('4', @BANDERA, '- FECHA 1 ',@FECHA1,'- FECHA2 ',@FECHA2,'- PARAMETROS',@PARAMETRO))
				SELECT NumDoc,Clentes,TipoMoneda,subTotal,Iva,Retencion,MontoTotal,FechaRegistro,FechaInicio,FechaFinal,FechaPago,Estatus,FormaPago
				FROM VI_INFO_FACTURA_CLIENTES				
			END
		END
		IF @BANDERA=1 BEGIN
			SELECT NumDoc,Proveedor,TipoMoneda,subTotal,Iva,Retencion,MontoTotal,FechaRegistro,FechaInicio,FechaFinal,FechaPago,Estatus,FormaPago
			FROM VI_INFO_FACTURA_PROVEEDORES WHERE FORMAT(CONVERT(DATE,FechaFinal,103),'dd/MM/yyyy') BETWEEN Format(CONVERT(DATE,@FECHA1,103),'dd/MM/yyyy') AND Format(CONVERT(DATE,@FECHA2,103),'dd/MM/yyy')
		END
	END TRY
	BEGIN CATCH
		SELECT ERROR_MESSAGE() clentes
	END CATCH
END
GO
